id,domain,status,purchase_price,renewal_price,attractiveness,demand,length,registrar,created_at,expires_at,status_verified_at
199a032e-d2bc-4f7b-9bdd-1c9ba464ed71,modem.attorney,available,62.99,62.99,high,low,5,namesilo,,,27/09/2026 06:58
0a34f185-ac90-4681-8769-652cced998f6,sticky.attorney,available,62.99,62.99,high,low,6,namesilo,,,16/08/2026 07:55
44924931-09a5-4645-9e68-1ec1f51aaba2,obscenely.attorney,available,62.99,62.99,medium,low,9,namesilo,,,15/09/2026 11:14
483a8574-505b-45f7-88ad-ba83c0633890,inaugural.attorney,available,62.99,62.99,high,low,9,namesilo,,,22/08/2026 00:37
25bc264f-f235-4177-a869-b43ee288d30f,soundlike.attorney,available,62.99,62.99,low,low,10,namesilo,,,
7860d0d6-803c-416c-bb92-4aa655e64b82,sixfold.attorney,available,62.99,62.99,medium,low,7,namesilo,,,10/09/2026 05:21
0ef97f20-0012-491a-a723-c8a9d72beda4,quality.attorney,premium,3250,3250,high,low,7,namecheap,,,23/09/2026 14:21
bde1d0d1-76aa-422d-9fb5-5af79550e4a1,diet.attorney,available,62.99,62.99,high,low,4,namesilo,,,24/09/2026 22:16
cd47b5d6-f4a9-418b-b04d-6d7c53abc171,sandhopper.attorney,available,62.99,62.99,medium,low,10,namesilo,,,22/09/2026 18:44
bcb7b4d8-6e3f-4d8e-a22b-b672a08f9b8a,surrounded.attorney,available,62.99,62.99,high,low,10,namesilo,,,16/08/2026 22:16
d676511e-8e1b-47c5-b645-3d84cac863b9,gip.attorney,available,62.99,62.99,medium,low,3,namesilo,,,14/09/2026 08:07
7076bcb6-d659-43d1-a134-f9e6c9131486,cultivated.attorney,available,62.99,62.99,high,low,10,namesilo,,,13/08/2026 10:14
7e170609-41d5-4a33-8eb7-c7ec26496a71,clonic.attorney,available,62.99,62.99,medium,low,6,namesilo,,,12/08/2026 12:02
a975e4d9-13cd-4498-af1f-ee516b819382,bawl.attorney,available,62.99,62.99,medium,low,4,namesilo,,,23/09/2026 06:25
e8e38dbb-c510-4787-8885-99c5b35d921f,agal.attorney,available,62.99,62.99,medium,low,4,namesilo,,,17/09/2026 16:00
e7bd59c2-ae53-4825-8139-ff2934364fcc,tiered.attorney,available,62.99,62.99,medium,low,6,namesilo,,,11/09/2026 15:49
33cc73e1-d849-4f75-87dc-fa035cb78cf7,eighties.attorney,available,65.98,76.98,high,low,8,namecheap,,,16/09/2026 12:00
7581ed22-d850-4228-99e8-bbcd42394af1,eulogy.attorney,available,62.99,62.99,high,low,6,namesilo,,,05/09/2026 00:43
043ad8f0-7b72-4cd7-b8fe-e01fd7abd909,smug.attorney,available,62.99,62.99,high,low,4,namesilo,,,10/09/2026 02:05
7923db1a-1231-41ba-b695-3d6227f8e724,athens.attorney,premium,520,520,high,low,6,namecheap,,,20/09/2026 20:44
937f7772-64d8-459e-bd23-26b4430249d8,bearing.attorney,available,65.98,76.98,high,low,7,namecheap,,,22/09/2026 18:34
9fab5726-d594-46e6-8322-f2b0aefccb16,armstrong.attorney,premium,512,512,high,medium,9,namesilo,,,20/09/2026 07:49
18816d13-ba5d-4a39-947c-2a9f4bd4fa70,burnham.attorney,available,62.99,62.99,medium,low,7,namesilo,,,27/09/2026 03:24
1eb688d5-01c9-4075-8a79-93025035c984,unit.attorney,available,62.99,62.99,high,low,4,namesilo,,,08/09/2026 06:04
cc65e471-09c1-486d-8111-23dc0d30f096,rules.attorney,available,62.99,62.99,high,low,5,namesilo,,,
b6a5c95c-0db0-4c59-81cd-8cb74c5012ab,someday.attorney,available,62.99,62.99,high,low,7,namesilo,,,16/09/2026 04:13
c1f0537e-d45e-4bae-9e4d-4acfffe86baa,peculiar.attorney,available,62.99,62.99,high,low,8,namesilo,,,13/08/2026 11:08
1967358f-2bfb-47a8-bc2f-87c1b52841d4,unchecked.attorney,available,62.99,62.99,medium,low,9,namesilo,,,12/09/2026 04:32
aebae7ed-f481-494c-bad7-b353a34857f2,admiralty.attorney,premium,1107,1107,medium,low,9,namesilo,,,17/09/2026 08:53
ca7e7c1a-f036-4dee-adfb-3ff8a04f502c,names.attorney,premium,3450,3450,high,low,5,namesilo,,,25/09/2026 09:32
1636f249-afc3-40ae-b3f2-e135a9e76edb,upstream.attorney,available,62.99,62.99,high,low,8,namesilo,,,12/09/2026 23:24
cf4f7bac-1a52-47fe-962b-0bbefd0d580a,sickness.attorney,available,62.99,62.99,high,low,8,namesilo,,,27/09/2026 04:31
d48051d8-49a1-4fc9-a5fc-40fae7d03143,tarnish.attorney,available,62.99,62.99,medium,low,7,namesilo,,,24/08/2026 12:50
613ba6d0-b86f-478a-b8cc-9d38cf48a26b,antiviral.attorney,available,65.98,76.98,high,low,9,namecheap,,,05/08/2026 20:06
7f60bbe7-b3b2-40d6-9bb5-9bfdfb00b1de,blackmail.attorney,premium,4140,4140,high,low,9,namesilo,,,24/09/2026 02:52
95e4ace9-f514-4f68-b3e3-3dbc27c7f0a5,boxers.attorney,available,69.99,,high,low,6,name.com,,,
02ca41bd-d4ab-445c-bbff-f56269fdeab5,daunting.attorney,available,69.99,81.99,medium,low,8,name.com,,,13/08/2026 18:48
41bb1651-d6ed-449f-8b3f-49ff983936f1,hebraic.attorney,available,62.99,62.99,medium,low,7,namesilo,,,21/08/2026 05:40
08e5ce01-9f6a-4150-a823-a0827ad2565e,revealing.attorney,available,49.88,49.88,high,low,9,spaceship,,,27/09/2026 13:41
ccb97547-d41d-4e3d-9ae6-0202e86090ab,infra.attorney,available,62.99,62.99,high,low,5,namesilo,,,15/09/2026 08:17
e3aec644-f6bb-4b79-98bb-acbd8f314154,voiced.attorney,available,62.99,62.99,high,low,6,namesilo,,,10/09/2026 14:06
905c8dc6-bc92-443d-8b79-6a9db70b913c,dent.attorney,available,65.98,76.98,high,low,4,namecheap,,,24/09/2026 21:54
605e94a7-84a7-4066-89ed-4d73fe8f55e4,attest.attorney,available,62.99,62.99,high,low,6,namesilo,,,24/08/2026 15:02
e082302e-567c-4c0b-b323-615408a64119,statue.attorney,available,65.98,76.98,high,low,6,namecheap,,,26/09/2026 00:24
506bcedb-2ebe-4d4a-a389-b2ab4f9f0c09,arctium.attorney,available,62.99,62.99,medium,low,7,namesilo,,,20/09/2026 02:49
c2fa6c64-b9c7-43aa-b9d3-bf18f674516d,ringer.attorney,available,62.99,62.99,high,low,6,namesilo,,,23/09/2026 05:42
8a2f6088-ded4-4a18-94a2-0ca028f45800,madison.attorney,premium,1107,1107,high,low,7,namesilo,,,08/09/2026 13:09
5b938db0-c54e-4c78-8344-c2ed51ac0d34,blench.attorney,available,62.99,62.99,medium,low,6,namesilo,,,04/09/2026 23:29
e7b71d0b-720e-4440-84fe-0f679d96cfe2,sedative.attorney,available,65.98,76.98,high,low,8,namecheap,,,22/09/2026 10:55
bc4cb42a-7826-4348-af6d-7a8ebfa55118,contiguous.attorney,available,62.99,62.99,medium,low,10,namesilo,,,12/08/2026 23:11
a5c57bed-1391-4f48-8987-4f47eb2fe7da,diode.attorney,available,65.98,76.98,high,low,5,namecheap,,,24/09/2026 20:00
0c17b3dc-27fc-4189-b9b6-458a9b3def0b,downright.attorney,available,65.98,76.98,high,low,9,namecheap,,,14/08/2026 17:50
62b975e4-1fba-46a7-8ac4-d68dcd1be0c3,shelf.attorney,available,62.99,62.99,high,low,5,namesilo,,,
fdc978de-740f-4649-8f8b-22d1eed9ecd7,uppity.attorney,available,62.99,62.99,medium,low,6,namesilo,,,12/09/2026 23:17
a62d4f0f-f7c0-49f4-bdce-872d01abe1fa,swosh.attorney,available,62.99,62.99,medium,low,5,namesilo,,,11/09/2026 05:50
18d574c4-9d06-4a17-bdc1-8bacb7527c95,ammunition.attorney,available,62.99,62.99,high,low,10,namesilo,,,18/09/2026 22:05
ec3579fe-71d1-457d-b86b-b7013a66cb6f,rep.attorney,premium,118.8,118.8,high,low,3,namesilo,,,
dd117ea5-8fbb-4d8b-bfdc-954e52e48815,used.attorney,available,62.99,62.99,high,low,4,namesilo,,,25/09/2026 07:44
296fa4c0-eef8-416e-98fa-cdb046b12cc2,erotic.attorney,available,62.99,62.99,high,low,6,namesilo,,,17/08/2026 12:42
56614f0b-7373-4517-9970-c9e3cb941d8d,cloak.attorney,available,62.99,62.99,high,medium,5,namesilo,,,24/09/2026 15:49
04ccb074-7606-4ebd-bdfc-dd3188089b9f,employ.attorney,available,62.99,62.99,high,low,6,namesilo,,,08/09/2026 13:39
33ce8344-d94a-4448-97bf-741c2bc696bc,mba.attorney,premium,520,520,high,low,3,namecheap,,,25/09/2026 09:16
01bd8bc5-255e-4c57-8bcf-6aa781f945eb,ultrasonic.attorney,available,62.99,62.99,high,low,10,namesilo,,,11/09/2026 22:51
fa99a3af-1165-4967-8e9d-98132041052f,obscurely.attorney,available,62.99,62.99,medium,low,9,namesilo,,,15/09/2026 17:13
f7cb3693-9bee-4e52-801c-a9c47e352dd1,unfit.attorney,available,62.99,62.99,medium,low,5,namesilo,,,12/09/2026 10:23
76864f8d-2d3d-46c2-aae2-b84fc609ff5b,marijuana.attorney,premium,1107,1107,high,low,9,namesilo,,,
3abba456-2137-498e-afe0-6a3aaf17b7d3,inorganic.attorney,available,62.99,62.99,high,low,9,namesilo,,,22/08/2026 06:11
609faa57-833f-4c9f-b510-38d98a3fd9f6,asea.attorney,available,62.99,62.99,medium,low,4,namesilo,,,10/09/2026 01:04
d6a6c1a1-942b-4bdf-aaea-a0d487484214,macmillan.attorney,available,62.99,62.99,high,low,9,namesilo,,,25/09/2026 12:59
41ee9ab7-6e90-4e9e-a9db-662bfa1926bc,relaxed.attorney,available,62.99,62.99,high,low,7,namesilo,,,09/09/2026 13:24
e2593306-8d64-4bcf-b0f4-d269d1f8b89a,bitis.attorney,available,62.99,62.99,medium,low,5,namesilo,,,23/09/2026 22:37
b2b99673-bbd0-461d-8e0f-cee6309ce879,autobus.attorney,available,62.99,62.99,medium,low,7,namesilo,,,21/09/2026 05:51
c4772ed8-9c23-4df4-8b82-32ee5594ca78,swinging.attorney,available,62.99,62.99,high,low,8,namesilo,,,23/08/2026 08:43
9f67e111-7d17-44bf-b413-93b138e6590c,racer.attorney,available,62.99,62.99,high,low,5,namesilo,,,21/09/2026 07:11
ed8234eb-73dc-47f1-acd4-3edadb6f3fb7,birthplace.attorney,available,65.98,76.98,high,low,10,namecheap,,,23/09/2026 21:18
9048fdd6-739a-489e-850f-a30c71a8cc70,biddy.attorney,available,62.99,62.99,medium,low,5,namesilo,,,23/09/2026 13:45
ffce569b-d794-4276-811e-c4b9471209f1,brie.attorney,available,69.99,,high,low,4,name.com,,,
969c0984-f83b-4a8f-9a3b-b3037354a474,reported.attorney,available,62.99,62.99,high,low,8,namesilo,,,27/09/2026 11:56
269f5629-019a-4272-bf91-7f3dcd145ec6,dana.attorney,premium,242,242,high,low,4,namesilo,,,25/09/2026 22:21
31c51e8a-b7ad-4156-805f-a3b340d56301,pace.attorney,premium,118.8,118.8,high,low,4,namesilo,,,
44a934db-a65b-43ac-aaac-fbc62ca857af,apart.attorney,available,62.99,62.99,high,low,5,namesilo,,,22/09/2026 07:07
6b21aa46-8b7b-43af-8ad8-be3001e06035,bilinear.attorney,available,65.98,76.98,high,low,8,namecheap,,,09/08/2026 21:20
021dcfcb-f2d4-45b6-a01d-714d48f7044b,recreation.attorney,available,65.98,76.98,high,low,10,namecheap,,,24/09/2026 23:18
a03fbd5b-be62-4225-90f9-323c9c532ef7,backstop.attorney,available,62.99,62.99,high,low,8,namesilo,,,21/09/2026 16:06
f3cbc636-027d-49e5-87d0-de35f3afe353,transient.attorney,available,65.98,76.98,high,low,9,namecheap,,,24/09/2026 14:26
e47518e1-79bd-4615-bdd4-644ed52107db,throat.attorney,available,65.98,76.98,high,low,6,namecheap,,,26/09/2026 00:01
c9340ffd-4ea5-4607-a8f8-69125919d596,submit.attorney,available,62.99,62.99,high,low,6,namesilo,,,27/09/2026 16:26
00a8ad60-401a-44d6-9220-fa18f86ef5d0,pigs.attorney,available,62.99,62.99,high,low,4,namesilo,,,25/09/2026 15:51
6dc30a7d-8fa5-42f4-9c1c-ad3e3236abf3,corpulent.attorney,available,62.99,62.99,medium,low,9,namesilo,,,13/08/2026 01:57
01735bd2-0484-4622-87bf-9f82b7ef9337,formerly.attorney,available,65.98,76.98,medium,low,8,namecheap,,,24/09/2026 15:13
114b952b-2ecd-49d4-b66f-68198d69d8d6,pillock.attorney,available,62.99,62.99,low,low,7,namesilo,,,10/09/2026 23:13
46832743-605b-4759-b299-a2288c2f21fd,tellurian.attorney,available,62.99,62.99,medium,low,9,namesilo,,,11/09/2026 10:37
98edd1ac-2215-48b7-96fe-3182c0d7ede3,beastly.attorney,available,62.99,62.99,medium,low,7,namesilo,,,09/08/2026 04:54
16e62370-2a07-4b4f-a8eb-fb8cad1a89cd,ayrshire.attorney,premium,854,854,high,low,8,namesilo,,,21/09/2026 10:44
5e657de9-1ea6-4d7f-9a6f-9138e84a66f2,prosperous.attorney,available,65.98,76.98,high,low,10,namecheap,,,10/08/2026 19:19
3c2cf60f-58f3-4840-9370-5ae604a247d1,boob.attorney,available,62.99,62.99,high,low,4,namesilo,,,
1c35935a-a587-40d4-961f-09b643fae9ad,auburn.attorney,premium,1107,1107,high,low,6,namesilo,,,22/09/2026 12:02
344a041d-afa1-4cfb-9754-c7ea5104ec4d,buffet.attorney,available,65.98,76.98,high,low,6,namecheap,,,19/09/2026 17:05
d6868046-f209-4a23-9331-fd96efd4c32e,heilong.attorney,available,62.99,62.99,medium,low,7,namesilo,,,19/09/2026 00:15
a22273dd-0685-466d-ba10-c37acd243346,float.attorney,available,62.99,62.99,high,low,5,namesilo,,,
a9767e28-65ad-44d9-bd22-bf2b5092b1d1,pen.attorney,premium,118.8,118.8,high,low,3,namesilo,,,27/09/2026 03:22
efa63f09-a248-427e-b565-654b42d89466,badgering.attorney,available,62.99,62.99,medium,low,9,namesilo,,,13/09/2026 13:19
021e0470-e564-43c6-8f0c-d868bb97e6ba,read.attorney,premium,1107,1107,high,medium,4,namesilo,,,26/09/2026 00:08
94d63ba4-73d5-4ab6-9e45-341cb68b5c7b,tantalum.attorney,available,62.99,62.99,medium,low,8,namesilo,,,20/09/2026 23:42
b211f042-f4d1-4821-a664-b550457171c0,basic.attorney,premium,260,260,high,low,5,namecheap,,,22/09/2026 17:57
5661e5ef-371c-4875-b877-3cf7baa5eaa1,businesses.attorney,available,65.98,76.98,high,low,10,namecheap,,,23/09/2026 07:34
2ac8464a-776c-451c-b732-2d9caba289a7,daredevil.attorney,available,69.99,81.99,high,low,9,name.com,,,13/08/2026 17:43
7257299c-d9fe-47f7-a7be-b25d2601da27,phonologic.attorney,available,65.98,76.98,medium,low,10,namecheap,,,08/09/2026 19:14
0de23507-ebb5-4751-93a5-b49c95262212,topless.attorney,available,65.98,76.98,medium,low,7,namecheap,,,08/08/2026 18:33
914c4564-fc95-413b-aba1-2090a5c8f232,glance.attorney,available,62.99,62.99,high,low,6,namesilo,,,
ed14b5b9-5c06-41d9-9a50-79a9b86e9d63,drained.attorney,available,65.98,76.98,medium,low,7,namecheap,,,14/08/2026 18:17
b020349a-612b-462d-89a8-901f73b98d7a,propelling.attorney,available,62.99,62.99,high,low,10,namesilo,,,09/09/2026 03:30
d8101454-a52f-4229-bb3b-978d3203dc1c,lutecium.attorney,available,62.99,62.99,medium,low,8,namesilo,,,20/09/2026 23:39
ce9a0664-8ffe-400b-bb8c-a55a87e00617,campanula.attorney,available,62.99,62.99,high,low,9,namesilo,,,23/09/2026 06:05
739c9663-9a9e-47ab-9831-e63f096079e5,redo.attorney,available,62.99,62.99,high,low,4,namesilo,,,
61bfc677-c1a7-4704-927e-c3c09aaee80c,wounding.attorney,available,65.98,76.98,medium,low,8,namecheap,,,10/09/2026 17:53
14f9cd0f-e232-45b3-a69c-769e63808810,unsheared.attorney,available,62.99,62.99,low,low,9,namesilo,,,12/09/2026 19:44
98997705-0abe-421a-b83f-ecae2f72a247,catalytic.attorney,available,65.98,76.98,high,low,9,namecheap,,,11/08/2026 20:58
30b0f5f8-2627-415f-aa8c-9f37201cad2d,alberti.attorney,available,62.99,62.99,high,low,7,namesilo,,,18/09/2026 02:45
a68dec42-2f9a-4a17-96d6-608fb9099664,sabbatic.attorney,available,62.99,62.99,medium,low,8,namesilo,,,09/09/2026 20:32
0fab3e4f-8674-4b84-b117-0e061806f99b,urged.attorney,available,65.98,76.98,medium,low,5,namecheap,,,19/09/2026 03:59
5fe36d10-6c98-4e1b-9cf8-83417ea05c0b,idiom.attorney,available,62.99,62.99,high,low,5,namesilo,,,
7179eaab-10ce-44ef-a6ca-ec2fa439a4c4,chainlike.attorney,available,65.98,76.98,medium,low,9,namecheap,,,11/08/2026 21:34
480543cf-950d-4df3-b233-432bf6421fcd,noodle.attorney,available,62.99,62.99,high,low,6,namesilo,,,24/09/2026 06:38
d925ea33-923f-4fd2-8aa3-5e2222642a31,frenetic.attorney,available,62.99,62.99,medium,low,8,namesilo,,,18/08/2026 14:17
992a3a84-8737-4e58-b527-87d958f87ed5,monthly.attorney,available,69.99,81.99,high,low,7,name.com,,,25/09/2026 21:36
6a1fa8d7-385a-42e0-8336-87173468ae68,hereafter.attorney,available,65.98,76.98,high,low,9,namecheap,,,18/08/2026 19:10
456f0258-a75a-42cc-9833-d3ee50fb76ff,raymond.attorney,available,65.98,76.98,high,low,7,namecheap,,,25/09/2026 19:12
b3840411-a091-4b0f-a086-c031e6bb7f82,kingpin.attorney,available,62.99,62.99,high,low,7,namesilo,,,23/09/2026 15:25
4f001e6b-659e-4cca-9774-d3855f75d94d,bespoke.attorney,available,62.99,62.99,high,low,7,namesilo,,,09/08/2026 17:25
f93d2acc-4492-4df0-9de5-67ebc68e9c27,orchis.attorney,available,62.99,62.99,medium,low,6,namesilo,,,21/09/2026 23:07
665bbd76-2e3f-4f9c-b6ca-d7fcfadd4a34,cons.attorney,available,62.99,62.99,high,low,4,namesilo,,,
93018435-4db3-4985-afef-6a73c21fc7ab,spread.attorney,available,62.99,62.99,high,low,6,namesilo,,,23/09/2026 15:42
d6312bd5-6b11-49d4-9106-095bebca8445,unstained.attorney,available,65.98,76.98,medium,low,9,namecheap,,,10/09/2026 18:17
b60f5a52-0175-45e4-80f0-553d2d74f717,mystify.attorney,available,62.99,62.99,high,low,7,namesilo,,,21/09/2026 17:29
2286ffe0-0a5c-4c0a-9e35-c34ba2eaef1b,baklava.attorney,available,65.98,76.98,high,low,7,namecheap,,,21/09/2026 20:21
ae9ffb5c-24fd-4a37-bf61-c1694ddb2592,bedcover.attorney,available,62.99,62.99,high,low,8,namesilo,,,22/09/2026 22:53
b1b02d28-a71f-454d-8127-d19b3d85f670,thirties.attorney,available,65.98,76.98,medium,low,8,namecheap,,,16/09/2026 12:05
2daa4118-ce00-4847-9782-f7c07d48e857,univalent.attorney,available,62.99,62.99,medium,low,9,namesilo,,,12/09/2026 14:00
93d97153-7ad8-4c66-a9e5-6e1be9003cd4,networks.attorney,premium,3450,3450,high,low,8,namesilo,,,19/09/2026 17:41
adb96d2d-4b44-4b23-88db-48e8dd6a387e,xxxvii.attorney,available,62.99,62.99,medium,low,6,namesilo,,,
133067e7-62dd-46a7-be64-9398c6475f74,lollygag.attorney,available,62.99,62.99,medium,low,8,namesilo,,,11/09/2026 08:29
1a05b591-2734-4ac1-aa41-a0e4f90d1a32,ossicular.attorney,available,65.98,76.98,medium,low,9,namecheap,,,04/09/2026 18:22
893a11be-19ca-4024-871f-394073d4d622,utterly.attorney,available,62.99,62.99,high,low,7,namesilo,,,
e1dab679-4dec-46c7-9ec5-bc36e056da7e,barbed.attorney,available,62.99,62.99,medium,low,6,namesilo,,,08/08/2026 16:36
d2409911-6787-4183-9bfa-78a1e1ba196d,dismal.attorney,available,62.99,62.99,medium,low,6,namesilo,,,14/08/2026 11:38
648cf0a8-c07f-43a4-b041-62a18529ffb6,balsam.attorney,available,62.99,62.99,high,low,6,namesilo,,,22/09/2026 00:04
38ccd8e9-2cf6-4a22-a276-006d56fdb2aa,kin.attorney,available,62.99,62.99,high,low,3,namesilo,,,22/08/2026 16:00
5eb6b172-e1d2-4c6c-9a7b-cd52979ef93e,ankylosaur.attorney,available,65.98,76.98,medium,low,10,namecheap,,,19/09/2026 09:52
4fc991df-8b9c-40e6-bd26-3f6fa5442d5f,meagre.attorney,available,65.98,76.98,medium,low,6,namecheap,,,24/08/2026 18:04
f36382ca-9700-46c5-9587-9f21d36d83c1,springbuck.attorney,available,62.99,62.99,medium,low,10,namesilo,,,19/09/2026 14:19
7cd59dae-a7d8-42c7-b667-3f0aa75ef1e6,nonhuman.attorney,available,65.98,76.98,medium,low,8,namecheap,,,03/09/2026 19:22
4bb25d7f-df0d-4507-bb2c-0c6d0b76a4a4,atrovent.attorney,available,62.99,62.99,medium,low,8,namesilo,,,21/09/2026 01:03
a1dee103-594e-45ea-834c-cf7862ac2b97,newest.attorney,available,62.99,62.99,high,low,6,namesilo,,,18/09/2026 15:57
acb67ad6-5008-46fe-a8f7-0f1e67c4d8d3,flirt.attorney,available,65.98,76.98,high,low,5,namecheap,,,24/09/2026 18:13
84b865a6-49ba-4e81-b11f-f1ff163c0644,cantaloupe.attorney,available,62.99,62.99,high,low,10,namesilo,,,24/09/2026 12:07
feddc59a-3f78-4fe8-95de-237c3c46ba5b,abm.attorney,premium,128.7,128.7,high,low,3,namecheap,,,16/09/2026 16:15
dc45cc41-6746-434e-be09-9d2d42fb0654,outcome.attorney,available,62.99,62.99,high,low,7,namesilo,,,
a94aed23-e1bc-4d39-b73b-7e78c00f7262,altar.attorney,available,65.98,76.98,high,low,5,namecheap,,,18/09/2026 14:32
cc956ea7-80ee-4d68-a71b-79c8afa1d8fb,horatio.attorney,available,62.99,62.99,medium,low,7,namesilo,,,28/09/2026 00:17
ddc8f30f-fab9-455d-b78d-2c946c2c2661,monotonic.attorney,available,62.99,62.99,medium,low,9,namesilo,,,25/08/2026 05:23
eca3538e-f774-4fa7-afe4-19bd00cf62af,nomothetic.attorney,available,65.98,76.98,high,low,10,namecheap,,,03/09/2026 18:22
dc5f9a11-08d4-4ec3-99bc-069ef3aa0529,selection.attorney,available,62.99,62.99,high,low,9,namesilo,,,12/08/2026 06:37
b6edea8f-f747-4dad-93db-21585fb0d573,pretence.attorney,available,62.99,62.99,medium,low,8,namesilo,,,25/09/2026 16:31
7b67537b-9d13-40b5-8d01-0136299ee1ae,ames.attorney,premium,118.8,118.8,high,low,4,namesilo,,,25/09/2026 12:32
c58d3eec-100b-4249-b87d-8a200cb26f4c,told.attorney,available,62.99,62.99,medium,low,4,namesilo,,,
1039806f-ebfe-4a0c-a0dd-7e3ca9e33e49,tuchman.attorney,available,65.98,76.98,medium,low,7,namecheap,,,22/09/2026 04:24
ab8d2552-4627-4b30-97d9-b075481cf172,xavier.attorney,premium,260,260,high,low,6,namecheap,,,25/09/2026 10:30
d1e5eb47-2186-4559-8029-147619113247,anthurium.attorney,available,62.99,62.99,medium,low,9,namesilo,,,19/09/2026 13:58
983cf4da-43b9-4972-9403-155961de88d5,shoppers.attorney,available,65.98,76.98,high,low,8,namecheap,,,20/09/2026 20:14
8b948277-3fb2-454c-9d3b-ae60549b59e8,evidenced.attorney,available,62.99,62.99,high,low,9,namesilo,,,17/08/2026 15:00
d369b7a4-f9ea-47e2-9a12-5d8f15627fe1,battledore.attorney,available,62.99,62.99,medium,low,10,namesilo,,,21/09/2026 17:16
0047d701-ddd8-4bf4-af05-1949245aa2c8,carefully.attorney,available,62.99,62.99,high,low,9,namesilo,,,
11c6a10e-6513-4379-ba43-9a24002e5884,waterborne.attorney,available,62.99,62.99,medium,low,10,namesilo,,,13/09/2026 08:36
feec14d0-4495-461c-ba3a-de0971877e96,leukaemia.attorney,available,62.99,62.99,medium,low,9,namesilo,,,24/09/2026 11:59
4918c715-2d13-4faf-9b1f-1dbaf78c9745,franchise.attorney,premium,1300,1300,high,low,9,namecheap,,,24/09/2026 21:02
3d3f66a1-0bc5-4904-a605-ce753fa149f1,bellows.attorney,available,62.99,62.99,high,low,7,namesilo,,,23/09/2026 06:26
190d39a9-37e3-4bf2-8a4c-b6a39e01e1db,loudly.attorney,available,62.99,62.99,medium,low,6,namesilo,,,18/08/2026 12:25
f7e90a9f-af44-4609-bd72-0a9ae14eb388,panadol.attorney,available,62.99,62.99,high,low,7,namesilo,,,16/09/2026 23:53
0ee28d65-8582-41bb-b705-cfa4613e0583,macaronic.attorney,available,62.99,62.99,medium,low,9,namesilo,,,24/08/2026 12:44
172d8a13-d1ee-442c-9531-c912da7d639e,alhambra.attorney,premium,118.8,118.8,high,low,8,namesilo,,,18/09/2026 07:18
179cac4b-b020-488f-bee7-04205cd85fb2,abjuration.attorney,available,62.99,62.99,medium,low,10,namesilo,,,16/09/2026 15:59
20cdfa96-d88c-4b20-8440-08193ef82d87,guided.attorney,available,62.99,62.99,high,low,6,namesilo,,,20/08/2026 20:47
c025d22e-5513-4313-9aa3-a870f1913076,mornings.attorney,available,62.99,62.99,high,low,8,namesilo,,,20/09/2026 04:12
3e0528c1-7220-4e5a-b9cb-ba18890018b2,tito.attorney,available,62.99,62.99,high,low,4,namesilo,,,25/09/2026 23:21
55b073d7-0a9c-4949-8e4d-612ceadedb0b,velvetleaf.attorney,available,65.98,76.98,medium,low,10,namecheap,,,16/09/2026 19:24
7c2ccff4-5bf9-4eab-9400-950dc894c4da,neutral.attorney,available,62.99,62.99,high,low,7,namesilo,,,21/09/2026 16:07
a16b9cc6-fb0e-4e48-ab0e-eddc377fc699,capitular.attorney,available,65.98,76.98,medium,low,9,namecheap,,,11/08/2026 17:58
6c041a4a-3f82-4492-ac7b-25f3916baf1d,lyrical.attorney,available,62.99,62.99,high,low,7,namesilo,,,24/08/2026 12:41
92bdf8be-80ad-4148-8f36-420bde9f54ac,workout.attorney,available,62.99,62.99,high,low,7,namesilo,,,
d8dadd39-7756-4baf-b5c5-4413dff9a3d0,servo.attorney,available,62.99,62.99,high,low,5,namesilo,,,10/09/2026 04:57
5e9a9676-62d8-4a1f-915a-bc4f29e94701,piddling.attorney,available,62.99,62.99,medium,low,8,namesilo,,,18/08/2026 03:33
78e78be2-8216-406f-9d6b-dfd75c11e892,ascension.attorney,available,62.99,62.99,high,low,9,namesilo,,,07/08/2026 00:30
d5ed4eb7-724b-43a2-b6b3-381bce3c4993,ponderous.attorney,available,62.99,62.99,medium,low,9,namesilo,,,24/08/2026 11:10
422b431a-5cda-4e5a-9fd9-31966daabdfd,unloosen.attorney,available,62.99,62.99,medium,low,8,namesilo,,,18/08/2026 14:36
190ecf09-14d3-4a2d-bcf9-26a7c4b5eaaf,bear.attorney,available,62.99,62.99,high,low,4,namesilo,,,
aa79d57c-a573-48c5-a8bf-f4ec75981ca1,pecuniary.attorney,available,62.99,62.99,medium,low,9,namesilo,,,25/08/2026 04:35
40ba128f-ff82-4fb5-af68-b4b61dd2f56c,nimbly.attorney,available,65.98,76.98,medium,low,6,namecheap,,,13/09/2026 18:18
b1de33bf-2593-4ade-8046-14b1f9c1f03e,sculpt.attorney,available,65.98,76.98,high,low,6,namecheap,,,20/08/2026 18:43
1ab801c3-9604-48fd-94c7-30b0834ef2f5,afford.attorney,available,65.98,76.98,high,low,6,namecheap,,,25/09/2026 11:07
a60738ab-9ba3-4fc7-b7c4-17ff13d637a5,elect.attorney,premium,242,242,high,low,5,namesilo,,,16/08/2026 02:30
dbce40cb-8cdb-4323-91d9-efdc964b4255,sob.attorney,premium,118.8,118.8,high,low,3,namesilo,,,08/08/2026 23:48
20d1efe2-6f18-425c-b45d-c13f03dee377,hipped.attorney,available,62.99,62.99,medium,low,6,namesilo,,,21/08/2026 09:41
7e22cfa3-5e05-4b4d-8ded-2c140109d967,barnum.attorney,available,65.98,76.98,medium,low,6,namecheap,,,22/09/2026 06:55
7b283c14-ab50-402f-82b2-5eebc3d086ba,bouquet.attorney,available,62.99,62.99,high,low,7,namesilo,,,24/09/2026 07:35
aa944053-788c-4bba-a9a7-11b542dc4abb,baldy.attorney,available,62.99,62.99,medium,low,5,namesilo,,,21/09/2026 21:43
85dfad06-bd1a-47f3-9366-21f9a0a3efe6,despised.attorney,available,62.99,62.99,medium,low,8,namesilo,,,14/08/2026 04:10
8236122b-5d87-4b87-abc6-243d0c8ab521,barbecue.attorney,available,62.99,62.99,high,low,8,namesilo,,,
3eae3743-674b-4edf-8f37-d35da7c96ed3,altaic.attorney,available,62.99,62.99,medium,low,6,namesilo,,,
579bd463-cca3-45cf-b648-7d5508cd45a9,none.attorney,available,65.98,76.98,high,low,4,namecheap,,,25/09/2026 23:02
e64c6ebf-0d48-4317-bc6b-f9b0c51ed350,achaea.attorney,available,62.99,62.99,medium,low,6,namesilo,,,17/09/2026 00:27
880c1142-cd1a-4baf-aa75-fae9b0524407,horses.attorney,available,65.98,76.98,medium,low,6,namecheap,,,17/09/2026 09:06
bfef92ce-dc11-4008-b91e-cb4eedef12b7,silhouettes.attorney,available,62.99,62.99,medium,low,11,namesilo,,,20/09/2026 11:57
ba61df3a-258b-4e5c-8148-8b96f8e6d6e7,brusk.attorney,available,62.99,62.99,medium,low,5,namesilo,,,11/08/2026 07:03
0950fd02-7f0e-4f17-a229-37740d0d2cd5,blase.attorney,available,62.99,62.99,medium,low,5,namesilo,,,10/08/2026 13:19
8f5010d3-08b9-4efd-a5ec-02c01571bda0,bonfire.attorney,available,62.99,62.99,high,low,7,namesilo,,,21/09/2026 21:51
d70c7cac-90b9-4525-8c06-4600c74f9cb7,legislative.attorney,premium,3750,,high,low,11,name.com,,,
29227e1a-0f9e-4813-8f7d-2568cdaa7258,bathsheba.attorney,available,62.99,62.99,medium,low,9,namesilo,,,22/09/2026 13:52
64b8a857-f3f6-4556-bbd4-6f35f408a0da,bahia.attorney,available,62.99,62.99,medium,low,5,namesilo,,,27/09/2026 18:32
31b80929-2528-46a6-b255-2c05e2f45c30,suburban.attorney,premium,3250,3250,high,low,8,namecheap,,,11/09/2026 00:54
e9649094-df9e-49b0-b3da-df9cfa55a39b,unshoed.attorney,available,65.98,76.98,low,low,7,namecheap,,,12/09/2026 19:51
d96a5fd6-d289-45dd-a08e-d35f41ce94e7,ajax.attorney,available,62.99,62.99,high,low,4,namesilo,,,17/09/2026 23:41
ba0792e0-087a-4dc6-9ebf-745f168df22f,synaptic.attorney,available,62.99,62.99,high,low,8,namesilo,,,11/09/2026 06:09
b280c8cf-88e9-42b5-988b-6abe54c9c580,put.attorney,premium,118.8,118.8,high,low,3,namesilo,,,25/09/2026 13:13
da954626-805a-4262-b283-8c60a0a852d0,mourning.attorney,available,62.99,62.99,medium,low,8,namesilo,,,25/08/2026 08:38
41aefad2-3eeb-4976-905e-bc9637440b09,corridor.attorney,available,62.99,62.99,high,low,8,namesilo,,,
4c835f17-f568-4522-9b02-4934c0361d06,catcher.attorney,available,62.99,62.99,high,low,7,namesilo,,,21/09/2026 16:05
1e4c5f55-78a0-4898-a09b-12238b579da6,plugged.attorney,available,65.98,76.98,high,low,7,namecheap,,,08/09/2026 21:30
4b165de1-3d70-4e84-b45b-816edbaaac6b,irrelevant.attorney,available,62.99,62.99,high,low,10,namesilo,,,25/09/2026 11:28
d19c7883-0cbb-4514-9aef-1968cb0d7023,unkindly.attorney,available,62.99,62.99,medium,low,8,namesilo,,,12/09/2026 14:15
677f8919-2eb6-4897-bbb6-3de96fac9dd8,generous.attorney,available,65.98,76.98,high,low,8,namecheap,,,18/08/2026 21:29
333a36fa-bb39-48ca-b92b-997596b1d675,establish.attorney,available,62.99,62.99,high,low,9,namesilo,,,22/09/2026 17:35
f272cdce-d7fa-43db-8bef-fc35616b57a6,comte.attorney,available,62.99,62.99,high,low,5,namesilo,,,21/09/2026 03:56
fedab496-c5be-44f4-aa3b-ef639d562420,indictment.attorney,available,62.99,62.99,high,low,10,namesilo,,,23/09/2026 16:05
65d1c69a-e36a-46a4-8b1b-7fd46dc408be,cream.attorney,available,62.99,62.99,high,low,5,namesilo,,,23/09/2026 06:38
19ab383b-49b5-473a-b28a-49f0f95662ed,hereto.attorney,available,62.99,62.99,medium,low,6,namesilo,,,15/09/2026 00:34
c8706c9f-f24b-4815-8ee2-1419f0bf9677,ixc.attorney,available,65.98,76.98,medium,low,3,namecheap,,,
17424472-cf4e-4869-beb4-f053aa4f48e2,pushkin.attorney,available,62.99,62.99,high,low,7,namesilo,,,18/09/2026 05:07
13011099-bd84-4378-8067-88ae0dc398cd,photography.attorney,available,69.99,,high,low,11,name.com,,,
f2908a93-55bb-4b38-8cf7-9930c9961ee9,dilate.attorney,available,62.99,62.99,medium,low,6,namesilo,,,16/08/2026 00:39
92fecc01-e6fa-4115-8c72-51ac8d73e821,coffin.attorney,available,62.99,62.99,medium,low,6,namesilo,,,
23726f8f-a84d-49c8-99b5-4fab6db62e50,crush.attorney,available,62.99,62.99,high,low,5,namesilo,,,09/08/2026 05:21
b7ceda6b-87fd-4ad7-b01c-a886478d70a3,askant.attorney,available,62.99,62.99,medium,low,6,namesilo,,,07/08/2026 03:05
2c4fdf83-2a94-403b-a06c-852ba04809d6,spiraling.attorney,available,62.99,62.99,medium,low,9,namesilo,,,12/08/2026 16:12
9331de03-1a9d-4f1b-8bba-7beaf9383a61,tastily.attorney,available,62.99,62.99,medium,low,7,namesilo,,,16/09/2026 08:03
8abd29df-750e-4ebb-8839-d943d3461fd8,delhi.attorney,premium,520,520,high,low,5,namecheap,,,24/09/2026 21:36
82b0cff4-b222-4d0c-b819-7bed4226b42e,riskily.attorney,available,62.99,62.99,medium,low,7,namesilo,,,15/09/2026 23:50
a88704a2-5c9f-42e4-8688-873b282cfe8d,opinions.attorney,available,62.99,62.99,high,low,8,namesilo,,,17/09/2026 07:35
22a258cd-a42c-468f-a24b-ef3499b716ee,deny.attorney,available,65.98,76.98,high,low,4,namecheap,,,25/09/2026 11:07
5163e16a-0e98-4c4e-b02e-5aee2a030c6f,posterior.attorney,available,62.99,62.99,medium,low,9,namesilo,,,09/08/2026 11:12
03fa872f-f572-4c5a-9b63-ec578d4a6c5f,scoops.attorney,available,65.98,76.98,medium,low,6,namecheap,,,20/09/2026 12:19
ae9fc9c5-2b70-451d-a2af-4e57ea03f7ba,iodin.attorney,available,62.99,62.99,medium,low,5,namesilo,,,21/08/2026 17:26
d317941e-8202-49f1-9e7b-9fa75da8facf,laziness.attorney,available,62.99,62.99,medium,low,8,namesilo,,,
36152040-7cf9-4008-aef0-be7c859a0e1f,arkansan.attorney,premium,854,854,medium,low,8,namesilo,,,20/09/2026 06:11
0b563763-f9dc-4a04-8eb5-9d636f7f3c9e,satisfies.attorney,available,62.99,62.99,medium,low,9,namesilo,,,20/09/2026 14:54
19a9a6fc-15de-45db-95b7-1fadde59ed07,solve.attorney,available,62.99,62.99,high,low,5,namesilo,,,
b8608f17-dfd6-448a-8001-6f2fe4f8e17c,tzarist.attorney,available,69.99,81.99,medium,low,7,name.com,,,13/08/2026 14:59
7a5081ab-1336-45a9-9a2b-5f760a6172ee,club.attorney,available,62.99,62.99,high,low,4,namesilo,,,
64a54eb7-ed3b-441a-a83c-5aab552b621e,disordered.attorney,available,62.99,62.99,medium,low,10,namesilo,,,14/08/2026 11:18
f5e117c1-a743-4c07-a81e-96f7045f8ad1,emphasise.attorney,available,62.99,62.99,high,low,9,namesilo,,,16/09/2026 21:53
2ef7d314-f8e7-4fd9-830d-f4d4edd8085d,acidosis.attorney,available,62.99,62.99,medium,low,8,namesilo,,,17/09/2026 01:28
6031ce0d-3652-49cd-b918-ef7aaf404bf3,alir.attorney,available,62.99,62.99,medium,low,4,namesilo,,,17/08/2026 22:11
2888c678-6565-4abf-b6a6-cb0235923762,toying.attorney,available,62.99,62.99,high,low,6,namesilo,,,
93a8d270-db71-4498-8d97-7736421b992b,illusory.attorney,available,65.98,76.98,medium,low,8,namecheap,,,21/08/2026 20:15
f971f1f3-42ab-4440-8af5-eace4a286896,sagacious.attorney,available,65.98,76.98,high,low,9,namecheap,,,08/09/2026 18:02
975fe52f-c397-4c1f-af4f-83a34e064b14,lateen.attorney,available,65.98,76.98,medium,low,6,namecheap,,,22/08/2026 20:29
007a0e2d-efce-41d7-a114-dfd8da7bb1e0,ferned.attorney,available,62.99,62.99,medium,low,6,namesilo,,,18/08/2026 01:58
0861da3c-1086-41e7-a08a-6d714b8b2575,schizoid.attorney,available,62.99,62.99,medium,low,8,namesilo,,,09/09/2026 23:09
da1a0b84-5bc1-4a73-bd4e-603d73d8a662,contemplation.attorney,available,62.99,62.99,medium,low,13,namesilo,,,16/09/2026 21:40
3feef1b5-0573-4de4-9cf4-c8f4197efecb,trex.attorney,available,62.99,62.99,high,low,6,namesilo,,,18/09/2026 12:51
d0a3a236-9055-475c-8b28-cdaf34c9d785,capone.attorney,available,62.99,62.99,medium,low,6,namesilo,,,
a7a3adfb-c201-46d7-ae77-55b92fb747dc,heckler.attorney,available,62.99,62.99,medium,low,7,namesilo,,,21/09/2026 17:11
484b23a2-c4f2-4b43-a94e-5f92d70562d7,earthborn.attorney,available,62.99,62.99,medium,low,9,namesilo,,,14/08/2026 22:35
741fa7fe-d6a5-4c8d-b0c4-cfdfef88cc04,bleached.attorney,available,62.99,62.99,medium,low,8,namesilo,,,10/08/2026 13:52
a835679e-21a1-4020-9af6-a2b4d846e77e,nappy.attorney,available,62.99,62.99,high,low,5,namesilo,,,18/08/2026 16:10
cfa3085c-7de0-4ddb-b741-e3a1d20b1889,bartlett.attorney,premium,118.8,118.8,high,low,8,namesilo,,,22/09/2026 09:19
345bf20f-7850-4da6-a7c6-add9f3f9bcdb,liquified.attorney,available,62.99,62.99,medium,low,9,namesilo,,,23/08/2026 22:47
79aa0a48-0550-4ebe-a8e2-c0aeb23cfae8,lush.attorney,available,,,high,medium,4,,,,
ffa647d3-9852-40ba-93da-9849e8d68c41,atomiser.attorney,available,62.99,62.99,medium,low,8,namesilo,,,21/09/2026 00:19
b2c9fe85-5b52-428d-ba09-3335890da4a1,dreamlike.attorney,available,62.99,62.99,high,low,9,namesilo,,,14/08/2026 18:45
5c42b6e8-7335-4795-8c55-632c14af18d4,orbitual.attorney,available,62.99,62.99,medium,low,8,namesilo,,,04/09/2026 17:39
c0bc9a99-8e60-4e17-8c95-813e2c4ba801,free.attorney,premium,3450,3450,high,medium,4,namesilo,,,24/09/2026 00:15
2dc44224-f506-48e2-93cd-1a758d0e34be,shameful.attorney,available,62.99,62.99,medium,low,8,namesilo,,,14/08/2026 10:28
f6a0f77d-0987-4cf8-9e56-35522c20588b,swiss.attorney,premium,1300,1300,high,medium,5,namecheap,,,19/09/2026 06:01
52656492-d46c-4b2f-a78c-788d728f9c52,gabble.attorney,available,65.98,76.98,medium,low,6,namecheap,,,23/09/2026 23:37
6e483339-963c-45a0-8342-bca45d342054,nag.attorney,available,62.99,62.99,high,low,3,namesilo,,,24/09/2026 16:35
24d2266f-5af7-4e2a-be0a-7fa25c68752b,distinction.attorney,available,62.99,62.99,high,low,11,namesilo,,,
3342cd81-7b4d-4058-afdb-2a3bed92a8fe,inviolate.attorney,available,62.99,62.99,medium,low,9,namesilo,,,22/08/2026 09:06
fa5b6b72-c843-4a4b-a538-9a114802ef19,striking.attorney,available,65.98,76.98,high,low,8,namecheap,,,27/09/2026 07:25
2c8c1048-fe9b-4c11-a138-27bc88b66ea9,strait.attorney,available,62.99,62.99,medium,low,6,namesilo,,,10/09/2026 21:53
1f1171e2-1b44-411f-83f1-2644098b2d02,appeal.attorney,premium,3125,,high,low,6,name.com,,,
566ec97a-5c63-4544-8581-8c5c28fff1b2,annulment.attorney,premium,4140,4140,high,low,9,namesilo,,,16/09/2026 17:16
1ffab821-0e69-4724-95db-13094751226e,agreed.attorney,available,62.99,62.99,high,low,6,namesilo,,,21/09/2026 23:21
1912fb4c-8280-4dee-926a-cbe1788eb0a3,balefire.attorney,available,62.99,62.99,medium,low,8,namesilo,,,21/09/2026 21:52
1e034592-8fdd-4935-978e-0641751bb23b,criticize.attorney,available,62.99,62.99,high,low,9,namesilo,,,
4049905b-6674-4217-9bcd-a32b08406a9b,striped.attorney,available,62.99,62.99,high,low,7,namesilo,,,10/09/2026 22:44
ed7e0265-4cef-4be0-bdd4-c674afb00219,crowley.attorney,premium,3450,3450,medium,low,7,namesilo,,,27/09/2026 01:51
00a7a84a-5fac-433a-bd91-7902c60de920,taunting.attorney,available,62.99,62.99,medium,low,8,namesilo,,,14/08/2026 02:54
7b4ba4ba-0e1d-4aa6-bf24-9c354033d1b0,astatine.attorney,available,62.99,62.99,medium,low,8,namesilo,,,20/09/2026 16:55
03a0f777-d7ce-49c8-964b-86819ce91ea3,chickpeas.attorney,available,62.99,62.99,medium,low,9,namesilo,,,20/09/2026 11:04
67257448-0be8-4575-8aae-7deb5bdf9f08,abstractor.attorney,available,65.98,76.98,medium,low,10,namecheap,,,16/09/2026 18:29
bd04ea6a-8967-452a-8069-70f165a1ec87,jammed.attorney,available,62.99,62.99,medium,low,6,namesilo,,,22/08/2026 12:07
43f3cf50-03fa-4910-9786-99b75113b6ea,circus.attorney,available,62.99,62.99,high,low,6,namesilo,,,
5245a184-72a6-45ed-bc88-7ca64c7d849e,translating.attorney,available,65.98,76.98,medium,low,11,namecheap,,,17/09/2026 20:51
f275c372-ab4b-4058-a30e-8d7cb64b80ce,rayless.attorney,available,62.99,62.99,medium,low,7,namesilo,,,09/09/2026 10:46
887cebc3-532e-4c23-a4b2-918d29796825,bolshevik.attorney,available,65.98,76.98,high,low,9,namecheap,,,10/08/2026 17:50
542dd537-713b-47f4-858b-45af0878b734,gregory.attorney,premium,118.8,118.8,high,low,7,namesilo,,,19/09/2026 06:00
1ed8621f-a5ce-4edf-adc4-23e5731c1c4e,wormy.attorney,available,62.99,62.99,medium,low,5,namesilo,,,13/08/2026 06:43
c1a92083-ee70-4d35-adb2-697443827f14,adaptation.attorney,available,62.99,62.99,high,low,10,namesilo,,,17/09/2026 06:27
9a7f89b7-7248-451d-837c-27c7b22ac84c,genitive.attorney,available,62.99,62.99,medium,low,8,namesilo,,,18/08/2026 21:46
1ae354c1-045a-42b5-968b-33c61ed7755e,tornado.attorney,available,69.99,,high,low,7,name.com,,,
25ba8406-1bf9-4037-8cd3-e80f7b68724a,anabas.attorney,available,65.98,76.98,medium,low,6,namecheap,,,19/09/2026 00:49
75a631a8-07ba-4dba-a299-2044110235d5,insidious.attorney,available,62.99,62.99,medium,low,9,namesilo,,,22/08/2026 07:05
c0ad1a47-daaf-4891-914d-37db72c36e08,alteration.attorney,available,65.98,76.98,high,low,10,namecheap,,,18/09/2026 14:42
57ed3ec3-aa20-4f65-9ec3-f1cdd03561c6,defending.attorney,premium,3750,3750,high,low,9,name.com,,,13/08/2026 23:13
0089e080-1577-42c2-82f8-88d5ed5b038e,implicitly.attorney,available,62.99,62.99,medium,low,10,namesilo,,,15/09/2026 02:29
b05fb8f0-26c6-475f-9566-265e534e0dd0,skyward.attorney,available,62.99,62.99,high,low,7,namesilo,,,21/08/2026 05:26
3b9d3dcf-4611-40e3-b99d-4e886d4f5d37,allowance.attorney,available,62.99,62.99,high,low,9,namesilo,,,
c970cd20-e459-45ab-a00b-8f792048c021,naively.attorney,available,62.99,62.99,medium,low,7,namesilo,,,15/09/2026 16:00
7437c817-a091-4fbb-8fec-12cabe66989d,informative.attorney,available,69.99,,high,low,11,name.com,,,
1816d0b5-2f73-4721-b25f-ff68f33b0ca7,unfamiliar.attorney,available,62.99,62.99,high,low,10,namesilo,,,12/09/2026 09:55
59770862-9252-4aa6-97ff-8b017f877007,attestant.attorney,available,65.98,76.98,high,low,9,namecheap,,,21/09/2026 01:36
bbe669b9-4bbc-4209-89a6-7ed3063be058,alqaeda.attorney,available,62.99,62.99,medium,low,8,namesilo,,,18/09/2026 00:59
e18fb200-670a-4ec7-9f8e-38edc4f773c1,thereof.attorney,available,62.99,62.99,medium,low,7,namesilo,,,16/09/2026 08:41
e09dee02-c2c2-4f75-b336-66fc611e7029,abaxial.attorney,available,62.99,62.99,medium,low,7,namesilo,,,
27e745bc-3ae7-4889-b247-af1139c4b502,flaunt.attorney,available,62.99,62.99,high,low,6,namesilo,,,11/09/2026 05:17
723fba31-7c37-4d6b-a6fd-88432af246cc,pictorial.attorney,available,62.99,62.99,high,low,9,namesilo,,,23/08/2026 01:46
f40ccad2-8d2b-4874-8e18-d002e375a6a9,clarence.attorney,available,65.98,76.98,high,low,8,namecheap,,,27/09/2026 12:32
e7ae20da-3d0f-4b71-963e-8288dc894889,glycogen.attorney,available,62.99,62.99,medium,low,8,namesilo,,,19/09/2026 08:46
20aac54e-bd12-4c6d-a905-ed2045d07714,talus.attorney,available,62.99,62.99,medium,low,5,namesilo,,,19/09/2026 09:46
ee5831c8-af48-4025-bf87-6cc28c143feb,likeness.attorney,available,62.99,62.99,high,low,8,namesilo,,,18/09/2026 07:48
92221859-bc7a-43cb-be9d-2d4453c04e02,fagged.attorney,available,62.99,62.99,low,low,6,namesilo,,,14/08/2026 14:47
a789ae5d-3b1a-4237-a0bf-3ff22224c59b,acidic.attorney,available,62.99,62.99,high,low,6,namesilo,,,
4304c44b-9847-4c48-a3dc-dce180bfef2a,malcolm.attorney,premium,260,260,high,low,7,namecheap,,,25/09/2026 14:54
c3980e59-f77b-4121-88bd-6fc7f3efa39c,axseed.attorney,available,65.98,76.98,medium,low,6,namecheap,,,21/09/2026 10:31
074a7373-2d94-4c9b-a85f-cf878e3dfc04,somerville.attorney,premium,128.7,128.7,medium,low,10,namecheap,,,27/09/2026 01:44
6530301d-dcd5-4f4c-a8dc-649c1aed0bd4,neotenous.attorney,available,62.99,62.99,medium,low,9,namesilo,,,03/09/2026 15:33
c6de6f12-788d-4912-b347-3c0138a6342e,quavering.attorney,available,62.99,62.99,medium,low,9,namesilo,,,09/09/2026 07:44
346bf389-5603-48fb-8c4b-1cace1d57a87,veterinary.attorney,available,62.99,62.99,high,low,10,namesilo,,,13/09/2026 05:00
df17e20b-4dc8-42bd-b34c-1c326a93388e,copious.attorney,available,62.99,62.99,high,low,7,namesilo,,,13/08/2026 00:28
c49f69b8-f133-4c01-9dc4-e9337b6e729a,association.attorney,premium,,,high,low,11,,,,27/09/2026 21:32
57e15260-0ad7-4723-8ed9-2d16d7ed89e1,clop.attorney,available,62.99,62.99,medium,low,4,namesilo,,,15/09/2026 20:47
62050b0e-fa5d-433f-8510-8297392346a5,xci.attorney,available,65.98,76.98,medium,low,3,namecheap,,,
f30979d6-7719-4712-8e68-1d5538897b42,blackboard.attorney,available,62.99,62.99,high,low,10,namesilo,,,24/09/2026 02:09
b4c2c5bc-1fa1-485f-806c-ebbfaa50f764,shape.attorney,available,62.99,62.99,high,low,5,namesilo,,,
2516d948-e5c0-42a7-b724-1846c16ea7c3,lvi.attorney,available,62.99,62.99,medium,low,3,namesilo,,,
86770dbb-6c1a-4e95-a743-97ad30159588,brumal.attorney,available,62.99,62.99,medium,low,6,namesilo,,,11/08/2026 06:36
bb5c50f7-189f-41c6-89fe-bf168e2a241b,catkin.attorney,available,65.98,76.98,medium,low,6,namecheap,,,18/09/2026 18:54
d50f4fa4-8aa2-47fd-a6e6-a9f2758923e3,anderson.attorney,premium,118.8,118.8,high,medium,8,namesilo,,,19/09/2026 04:34
7902b0ad-d8c2-4e52-9b8d-72fadebdab53,unipolar.attorney,available,62.99,62.99,medium,low,8,namesilo,,,12/09/2026 13:46
a670dbc0-e885-45b5-8623-92f354419212,frizzly.attorney,available,62.99,62.99,medium,low,7,namesilo,,,18/08/2026 16:06
ef43332e-a403-43ca-8ff3-77f6074adf82,balaena.attorney,available,65.98,76.98,medium,low,7,namecheap,,,21/09/2026 20:30
8753d30a-091c-41a2-88f6-c3a246491721,acetyl.attorney,available,65.98,76.98,medium,low,6,namecheap,,,17/09/2026 00:19
32786f40-07b3-47e2-b172-5337ceb959bb,umber.attorney,available,62.99,62.99,high,low,5,namesilo,,,11/09/2026 22:59
7982be24-c2bc-46f1-8fa8-d0883aa75f69,quarto.attorney,available,62.99,62.99,medium,low,6,namesilo,,,16/09/2026 12:37
2adad835-b310-4bed-a599-bf0183fe9eb7,scarlet.attorney,premium,242,242,high,low,7,namesilo,,,10/08/2026 15:12
506d7bed-bcf8-4bc7-a31e-e50bacea4dd8,nocent.attorney,available,65.98,76.98,medium,low,6,namecheap,,,03/09/2026 18:02
93aa0970-01ff-4136-8e17-925534800de8,uniting.attorney,available,62.99,62.99,high,low,7,namesilo,,,18/09/2026 15:39
4576bac7-cfd0-4756-821e-97ea80a385d2,sharpe.attorney,available,62.99,62.99,medium,low,6,namesilo,,,26/09/2026 03:16
a9b2d7ea-01bf-4de9-b20b-e217179913b3,hinterland.attorney,available,62.99,62.99,high,low,10,namesilo,,,21/09/2026 14:33
ff5e10c5-0430-4a0a-9349-1462d7abcbcd,jewelled.attorney,available,65.98,76.98,medium,low,8,namecheap,,,18/08/2026 21:12
befcd169-465f-4675-a5d9-ec54109f3e04,mai.attorney,available,62.99,62.99,high,medium,3,namesilo,,,25/09/2026 14:04
536695c2-adf7-4648-a7ce-baff0f8dd360,bodily.attorney,available,62.99,62.99,medium,low,6,namesilo,,,10/08/2026 16:52
20248c49-1280-4c20-a60f-7cbe2208ec14,snotty.attorney,available,62.99,62.99,medium,low,6,namesilo,,,09/08/2026 20:42
04e5080d-d4ed-4b52-9b22-bfa1209113ba,bandbox.attorney,available,62.99,62.99,medium,low,7,namesilo,,,22/09/2026 01:01
d865591a-95de-470a-94a0-50388774312e,pergola.attorney,available,62.99,62.99,medium,low,7,namesilo,,,20/09/2026 01:00
48d6ff52-ac20-48aa-9d7c-e832e861da69,vigilant.attorney,available,62.99,62.99,high,low,8,namesilo,,,04/09/2026 16:01
07fbe805-d5b1-4300-ba31-5515db668efb,allylic.attorney,available,62.99,62.99,medium,low,7,namesilo,,,
cadbb1cb-2850-47f8-8e35-39a4a53bad19,archeology.attorney,available,69.99,81.99,medium,low,10,name.com,,,20/09/2026 01:43
a577186d-0502-4b61-89ff-8baceadd6f66,shaped.attorney,available,62.99,62.99,high,low,6,namesilo,,,25/08/2026 03:44
528e2031-23b9-4952-8968-bfc22c54cc2a,headlong.attorney,available,62.99,62.99,medium,low,8,namesilo,,,21/08/2026 01:16
7e19e9bc-bf97-491c-9793-2841ef896539,puke.attorney,available,62.99,62.99,medium,low,4,namesilo,,,11/08/2026 09:18
bcdac725-45f5-4125-a27c-1935d5cfef53,strong.attorney,premium,118.8,118.8,high,low,6,namesilo,,,25/09/2026 07:58
4b5a4cc5-e6cc-4166-841f-bc34f5287d34,diamond.attorney,available,65.98,76.98,high,low,7,namecheap,,,21/09/2026 16:47
19b5ccfe-73bd-40fc-a903-36dcd2fdfb48,chapstick.attorney,available,62.99,62.99,high,low,9,namesilo,,,
cbecca8b-fa30-439f-8fcc-7cd74ffeb3be,sturdy.attorney,available,62.99,62.99,high,low,6,namesilo,,,21/08/2026 00:56
630eb62e-a92c-4aa8-a6fc-c7acb34c4ae4,octagonal.attorney,available,62.99,62.99,medium,low,9,namesilo,,,04/09/2026 00:37
5e58d72f-e322-4fdb-b33a-031a7466b17d,scramble.attorney,available,65.98,76.98,high,low,8,namecheap,,,24/09/2026 15:13
3c1a1933-a23a-4935-bf91-903218a47433,severe.attorney,available,62.99,62.99,medium,low,6,namesilo,,,22/09/2026 13:18
38c83e08-b48d-4d5b-ab47-1038c763b2dd,buckeye.attorney,premium,128.7,128.7,high,low,7,namecheap,,,17/09/2026 13:22
481fe01b-f71f-4a9d-bcfc-813dbbf32c28,fran.attorney,available,62.99,62.99,high,low,4,namesilo,,,
5f617353-fdde-4ae1-9efe-45fbd4a81152,subsets.attorney,available,62.99,62.99,medium,low,7,namesilo,,,21/09/2026 01:05
f1881f99-a827-4345-a204-7cc4be854cd3,supported.attorney,available,62.99,62.99,high,low,9,namesilo,,,
808312f9-8d8f-4c7e-8171-a9fbd4c31284,eddie.attorney,premium,242,242,high,low,5,namesilo,,,
90598ae3-626d-4566-b65c-218168743372,segmented.attorney,available,62.99,62.99,medium,low,9,namesilo,,,24/08/2026 21:43
986480a1-61fd-4494-aa63-d4e01a5cbb05,fitzgerald.attorney,premium,118.8,118.8,high,low,10,namesilo,,,25/09/2026 05:15
65555da2-9d2e-47e7-97b5-cdac2e77c376,essex.attorney,premium,118.8,118.8,high,low,5,namesilo,,,25/09/2026 05:41
fdf41c82-ed26-497d-84fa-28d402ab48f7,glary.attorney,available,62.99,62.99,medium,low,5,namesilo,,,10/08/2026 13:49
59c7e449-9ad5-4886-a9f4-f4a46db0b2c8,alive.attorney,available,62.99,62.99,high,low,5,namesilo,,,22/09/2026 05:04
7c26e801-1b97-4d14-b52c-0cc7fe2e12d3,atarax.attorney,available,65.98,76.98,medium,low,6,namecheap,,,20/09/2026 19:30
67feedaf-64c0-4359-9efa-0666c70cc293,spiders.attorney,available,62.99,62.99,medium,low,7,namesilo,,,16/09/2026 05:32
1e212eff-175b-45d9-b846-c2c1bca5e19f,region.attorney,available,62.99,62.99,high,low,6,namesilo,,,
7e95682a-7773-4c1c-a9b9-627fe3546a54,nutcase.attorney,available,62.99,62.99,medium,low,7,namesilo,,,13/08/2026 05:36
e28e308b-4968-4b45-9251-00d8eede4ae3,bitok.attorney,available,65.98,76.98,medium,low,5,namecheap,,,23/09/2026 22:40
e5413cba-453c-44b2-9622-9e8efb6893c6,veggie.attorney,available,65.98,76.98,high,low,6,namecheap,,,19/09/2026 06:34
85562e86-dbd2-4639-a57f-3601839f81ef,hodges.attorney,premium,520,520,medium,low,6,namecheap,,,25/09/2026 19:37
81b1e8d4-0f3f-4e7d-aabf-e7ce87e39210,dictator.attorney,available,62.99,62.99,medium,low,8,namesilo,,,07/08/2026 19:17
17daabdc-93af-4258-b831-a20d4a431ad8,wounds.attorney,available,65.98,76.98,medium,low,6,namecheap,,,25/09/2026 19:23
c7d7d3cf-64ea-49e7-abce-5b5b975378a2,observer.attorney,available,62.99,62.99,high,low,8,namesilo,,,27/09/2026 03:30
3d2e8f74-5be5-479f-875c-74c39cd54b58,lister.attorney,available,62.99,62.99,medium,low,6,namesilo,,,22/09/2026 07:14
13db5a65-4e6f-45fe-83a6-560d8b25cc36,caitiff.attorney,available,62.99,62.99,low,low,7,namesilo,,,11/08/2026 13:26
56250656-b3a9-426f-aac8-619da8445e1b,squabble.attorney,available,62.99,62.99,medium,low,8,namesilo,,,23/09/2026 13:15
b501606a-ff53-48a4-8488-428a186a0de7,arak.attorney,available,62.99,62.99,medium,low,4,namesilo,,,19/09/2026 23:47
d29861d6-cc18-49d3-a0d7-bdd6ed1544d7,seaborne.attorney,available,62.99,62.99,medium,low,8,namesilo,,,10/09/2026 00:34
b80f1289-72a0-41f7-b7a0-7c62a4ee1e44,sidewalks.attorney,available,62.99,62.99,medium,low,9,namesilo,,,21/09/2026 06:21
fe7bcbd3-a819-4f56-99a2-eeac74e82885,conditions.attorney,available,62.99,62.99,high,low,10,namesilo,,,
12fd2a9e-3806-4d15-9299-9d688c8f041b,everyone.attorney,available,69.99,,high,low,8,name.com,,,
6b4217e9-a480-4b44-9949-074012f1ebc8,concluding.attorney,available,62.99,62.99,high,low,10,namesilo,,,19/09/2026 15:36
78d0ea46-6a88-4377-9511-ad8678516a6d,franklin.attorney,premium,118.8,118.8,high,low,8,namesilo,,,23/09/2026 08:17
f942fdf5-d7e9-4b53-b1c3-caf8be198b3c,rachel.attorney,premium,242,242,high,low,6,namesilo,,,25/09/2026 10:13
88fd7ad0-2b66-4950-8aca-1372b38252ca,beloved.attorney,available,62.99,62.99,high,low,7,namesilo,,,09/08/2026 13:47
19838974-07d6-43e7-b6d8-2b2c4b618df1,renascent.attorney,available,62.99,62.99,high,low,9,namesilo,,,09/09/2026 13:55
ccf807bd-946b-4648-8a61-55570d1aa0d3,adversity.attorney,available,62.99,62.99,high,low,9,namesilo,,,17/09/2026 10:54
5af04415-4a0a-4e9b-b234-1bbe4c50b0ac,emulator.attorney,available,62.99,62.99,medium,low,8,namesilo,,,19/09/2026 16:28
dfd6c9ee-b253-4a39-8a4f-a6279973e3fc,kindness.attorney,available,62.99,62.99,high,low,8,namesilo,,,
5047147a-0888-4582-b311-9d30a61a0266,teamwork.attorney,available,69.99,,high,low,8,name.com,,,
cedd166b-2681-43d3-a03d-ab68097d637d,gay.attorney,premium,512,512,high,medium,3,namesilo,,,23/09/2026 09:22
9067d9ee-8036-4b54-bdd6-440c426ada7e,incisive.attorney,available,62.99,62.99,medium,low,8,namesilo,,,22/08/2026 01:21
6ac2084c-6ae6-46f5-8b20-a36be6e8c663,serrate.attorney,available,62.99,62.99,medium,low,7,namesilo,,,03/09/2026 22:06
f8d44265-2c98-47c8-a1a3-457300518a34,cold.attorney,premium,242,242,high,low,4,namesilo,,,23/09/2026 15:03
bef8ce88-858e-43ae-9782-0af750950ef1,saurian.attorney,available,65.98,76.98,medium,low,7,namecheap,,,22/08/2026 17:55
4719f97b-1def-434a-a760-fe6539c59388,weaponry.attorney,available,62.99,62.99,high,low,8,namesilo,,,20/09/2026 07:43
91b87d28-d362-4146-98ff-11cc9afa9eda,catapultic.attorney,available,65.98,76.98,medium,low,10,namecheap,,,11/08/2026 21:06
6f1df614-4aaa-43b5-9dbc-4e38d31d4c5b,subsidiaries.attorney,available,65.98,76.98,medium,low,12,namecheap,,,20/09/2026 06:35
d2fd816a-626f-4422-9405-10c299cfa29f,eyelike.attorney,available,65.98,76.98,medium,low,7,namecheap,,,17/08/2026 20:04
d17506bc-835f-4369-81bc-e9e571200320,germicide.attorney,available,62.99,62.99,medium,low,9,namesilo,,,
23a46d2f-ad2d-4ca4-9b13-c117f60545bd,improvable.attorney,available,62.99,62.99,medium,low,10,namesilo,,,21/08/2026 23:14
ea2682e8-91ad-4028-90ca-fc7638a32327,tuba.attorney,available,62.99,62.99,high,low,4,namesilo,,,22/09/2026 11:52
0c105530-392d-427d-83f1-5fcc27e66c00,formal.attorney,available,62.99,62.99,high,low,6,namesilo,,,24/09/2026 00:47
63088a28-588b-40c8-af8e-5e5b0977e33a,atrocious.attorney,available,65.98,76.98,medium,low,9,namecheap,,,22/09/2026 11:11
234d0115-15c4-4ed4-b4fe-34eaea3a2a4a,roof.attorney,resell,,,high,low,4,"GoDaddy.com, LLC",06/12/2014 00:05,06/12/2026 00:05,26/09/2026 08:44
5693aba4-74d0-4bb7-8847-ac5565e25a8b,wolf.attorney,premium,500,500,high,medium,4,name.com,,,11/08/2026 07:08
6d62c930-8492-46e4-a898-9be91584aa4c,undyed.attorney,available,62.99,62.99,medium,low,6,namesilo,,,12/09/2026 02:08
854487c7-efb3-4cee-b901-8b9420d74fd5,cliquish.attorney,available,62.99,62.99,medium,low,8,namesilo,,,12/08/2026 11:17
b1c5c2f2-fd5b-4b8d-908b-96238e17cd42,enlivening.attorney,available,62.99,62.99,medium,low,10,namesilo,,,
854b1d7c-548f-4ec2-81f1-f3e598c76b6b,kurakkan.attorney,available,65.98,76.98,medium,low,8,namecheap,,,17/09/2026 15:21
96c108fe-3ce1-4e6e-8b53-f515ba1503e4,astutely.attorney,available,62.99,62.99,medium,low,8,namesilo,,,13/09/2026 22:20
9f4312c9-f13e-4079-b147-10804d4570c7,desultory.attorney,available,62.99,62.99,medium,low,9,namesilo,,,14/08/2026 04:36
37308ead-b53b-4b68-b48b-89d3770f6708,acentric.attorney,available,62.99,62.99,medium,low,8,namesilo,,,
37a44f5a-44b2-4135-9f03-be696e632c6d,incessant.attorney,available,62.99,62.99,medium,low,9,namesilo,,,11/08/2026 23:04
42fbc302-14d8-4460-a314-ab0dccbc75ac,furniture.attorney,available,62.99,62.99,high,low,9,namesilo,,,20/09/2026 11:14
e2525a7c-f45d-4f6d-94c2-c413d4556c71,duplicity.attorney,available,62.99,62.99,medium,low,9,namesilo,,,14/08/2026 16:52
bf85ec02-8941-458f-95a6-74a078e8e820,truster.attorney,available,62.99,62.99,high,low,7,namesilo,,,23/09/2026 05:14
b0b3866c-5040-4220-9a2f-b504fa978295,inventive.attorney,available,65.98,76.98,high,low,9,namecheap,,,21/08/2026 20:18
cd033783-625c-45da-b7b8-f17386c46381,inwardly.attorney,available,62.99,62.99,medium,low,8,namesilo,,,15/09/2026 09:18
bd9f0e2c-f792-4518-b317-070bc1ba2598,horsehead.attorney,available,65.98,76.98,medium,low,9,namecheap,,,20/09/2026 21:40
ec72bffb-a476-475c-a262-1b8664e50f64,alhakim.attorney,available,62.99,62.99,medium,low,8,namesilo,,,18/09/2026 00:38
8fe85226-ed4d-4dea-87c9-0d604ebc26f0,bee.attorney,available,62.99,62.99,high,medium,3,namesilo,,,
b5d38090-e107-498b-9808-c8a1dc978232,inactive.attorney,available,62.99,62.99,medium,low,8,namesilo,,,22/08/2026 00:11
87cef2ad-7f69-408e-b8fd-a53f4f934722,blowhard.attorney,available,62.99,62.99,medium,low,8,namesilo,,,11/08/2026 01:19
3f254a1f-a6ae-4982-99f7-c161dc32e7a9,tai.attorney,available,62.99,62.99,high,low,3,namesilo,,,10/09/2026 07:25
c30364ef-9cca-4fbf-a182-2a416b1969f7,camail.attorney,available,62.99,62.99,medium,low,6,namesilo,,,21/09/2026 09:01
27b8f0fc-91d5-47df-8ac6-18b8b6a72576,soda.attorney,premium,242,242,high,low,4,namesilo,,,25/09/2026 10:32
a282a6ad-a98b-4af3-97eb-fb716a6d8914,overriding.attorney,available,62.99,62.99,high,low,10,namesilo,,,04/09/2026 21:39
456ee321-59d9-4240-a528-a995943f2b1d,aggressor.attorney,available,62.99,62.99,high,low,9,namesilo,,,17/09/2026 17:41
f5f8cce3-abf6-40ca-a47b-74ea13e628d8,berkeley.attorney,premium,512,512,high,low,8,namesilo,,,23/09/2026 09:32
dc8b4d7d-f160-4448-83fd-81c12e496596,scratches.attorney,available,62.99,62.99,medium,low,9,namesilo,,,
661d8209-17da-4447-b8ed-8a40cc29ec90,accurst.attorney,available,62.99,62.99,medium,low,7,namesilo,,,
9d1ab608-9bf8-4465-8942-7cf251b4be67,buttoned.attorney,available,62.99,62.99,medium,low,8,namesilo,,,11/08/2026 11:58
8d2dbd2c-68ef-4c29-b8ea-e707cec9c561,almost.attorney,available,62.99,62.99,high,low,6,namesilo,,,
9bf96caa-8f61-4784-a576-4c6b6cf7b1ff,nautical.attorney,available,62.99,62.99,high,low,8,namesilo,,,24/08/2026 15:58
e22fd4c7-52d1-4422-8094-9fb2afbc7b93,bargainer.attorney,available,62.99,62.99,medium,low,9,namesilo,,,22/09/2026 05:32
d91af461-6cee-4263-82e6-62c20c034c51,truffle.attorney,available,62.99,62.99,high,low,7,namesilo,,,
d14453f9-417b-4689-aaac-67f6d6a934ce,education.attorney,premium,3250,3250,high,low,9,namecheap,,,25/09/2026 10:41
5654eb83-d2be-4d1e-a345-ef97d44d6985,rolled.attorney,available,65.98,76.98,high,low,6,namecheap,,,18/08/2026 18:46
d0c88d5a-e438-4d84-b1bc-ed3518b55421,high.attorney,available,62.99,62.99,high,low,4,namesilo,,,24/09/2026 13:54
47bb1d5d-7d70-48ce-b8a1-ceba1ab37eba,awareness.attorney,available,62.99,62.99,high,low,9,namesilo,,,
479bcaf7-cd96-4e69-9860-095cc176a5c3,dormant.attorney,available,62.99,62.99,high,low,7,namesilo,,,
6b48a30a-ebd6-407b-b756-2a5563000d4f,aries.attorney,available,62.99,62.99,high,low,5,namesilo,,,20/09/2026 05:23
53e9fee8-76df-4856-a390-91837be03710,homophile.attorney,available,65.98,76.98,high,low,9,namecheap,,,18/08/2026 20:56
ebf6a631-d9ff-4250-b10e-2424e551689b,ignited.attorney,available,62.99,62.99,high,low,7,namesilo,,,17/08/2026 09:20
942deac3-07be-417b-9630-61f0de1a618a,bellwether.attorney,available,62.99,62.99,high,low,10,namesilo,,,23/09/2026 06:30
076d13f4-902c-4f7c-a9f4-d0ed03754b22,sleazy.attorney,available,62.99,62.99,medium,low,6,namesilo,,,11/08/2026 09:04
167c6aba-0d81-413d-918f-66e93654c827,complicated.attorney,available,62.99,62.99,high,low,11,namesilo,,,
eda2071c-7c70-412b-8fef-371d659fa895,asparagine.attorney,available,65.98,76.98,medium,low,10,namecheap,,,20/09/2026 14:39
6c0cd968-3e03-4538-9021-91a784ccd164,oneself.attorney,available,62.99,62.99,high,low,7,namesilo,,,
1f777274-8a9d-49bb-b538-43421d02de1f,hobbies.attorney,available,62.99,62.99,medium,low,7,namesilo,,,20/09/2026 22:38
6cb3290b-5c39-404a-8a12-a651f73a7540,attacked.attorney,available,65.98,76.98,medium,low,8,namecheap,,,25/09/2026 20:43
b7f1ccc0-5f69-4c2d-b67e-d8515f5432da,identify.attorney,available,62.99,62.99,high,low,8,namesilo,,,25/09/2026 12:36
85db6988-55a8-47fa-8eb5-3ac515cfbb68,doula.attorney,available,65.98,76.98,high,low,5,namecheap,,,23/09/2026 21:09
333e9dd7-13f6-4225-9ced-c5371313f29d,sunbelt.attorney,available,69.99,,high,low,7,name.com,,,
576f85b2-84dc-44b8-aee9-4c9fc807d44f,citrin.attorney,available,69.99,81.99,high,low,6,name.com,,,23/09/2026 18:00
7d22a51c-73d6-4cac-81ee-426b31ea8f90,twits.attorney,available,62.99,62.99,low,low,5,namesilo,,,21/09/2026 06:16
f04d1acd-8231-4a5a-9c83-ab2d62d3b253,territory.attorney,available,62.99,62.99,high,low,9,namesilo,,,
10ce7e85-0ce2-4a75-9c13-a2744e0434d6,mandate.attorney,available,62.99,62.99,high,low,7,namesilo,,,21/09/2026 05:12
e1449c59-dacd-4a30-a50f-6ffb2a5483d1,chained.attorney,available,62.99,62.99,medium,low,7,namesilo,,,12/08/2026 01:23
3d6c69b5-9c3c-4d05-8aab-e448a3069595,whatnot.attorney,available,62.99,62.99,high,low,8,namesilo,,,
8743c902-de88-425a-96fc-ecc6b3d7a282,bruxelles.attorney,available,62.99,62.99,high,low,9,namesilo,,,23/09/2026 04:57
7b27e9f9-bef9-4a4e-833b-57dd957e8b2e,chalkboards.attorney,available,62.99,62.99,low,low,11,namesilo,,,19/09/2026 23:25
93706d6b-c67e-4afe-bfeb-24e2c85e9ad9,gestural.attorney,available,62.99,62.99,medium,low,8,namesilo,,,18/08/2026 22:57
a46f7a81-6401-4251-b73f-876a0d3c4044,indigotin.attorney,available,62.99,62.99,medium,low,9,namesilo,,,22/08/2026 03:05
cabb9ab1-f267-4043-8081-c235d1d150b4,federal.attorney,premium,512,512,high,low,7,namesilo,,,24/09/2026 17:28
a1414c85-fcee-49d9-9f2f-bc474693de1e,theatrical.attorney,available,62.99,62.99,high,low,10,namesilo,,,11/09/2026 12:33
46a2f149-79ba-4a12-8553-46f1e6af8613,uniformly.attorney,available,62.99,62.99,medium,low,9,namesilo,,,16/09/2026 10:05
1cf923e7-b472-43be-bd19-acb271df7948,purely.attorney,available,62.99,62.99,high,low,6,namesilo,,,15/09/2026 22:05
263e0f62-d9aa-42f5-b395-f303744cabb5,autotype.attorney,available,69.99,81.99,medium,low,8,name.com,,,21/09/2026 08:17
cae1cbcf-4ce4-4cce-9df1-83b4d330dc34,chasten.attorney,available,62.99,62.99,medium,low,7,namesilo,,,11/09/2026 07:42
43a133ee-d290-4d81-a46c-6f0907cf1fd2,barque.attorney,available,62.99,62.99,high,low,6,namesilo,,,22/09/2026 07:48
94964f67-bd8e-4197-8c74-d81ae214998f,ink.attorney,available,,,high,medium,3,,,,
7b656eb4-1d4a-4687-9793-26dd63aba79c,crunch.attorney,available,65.98,76.98,high,low,6,namecheap,,,24/09/2026 19:53
30ae39af-e372-45f9-8c65-179efbd1b769,radium.attorney,available,62.99,62.99,high,low,6,namesilo,,,20/09/2026 23:59
2bc24db4-1a29-4d12-a663-c5bf4bd64bed,lumber.attorney,available,62.99,62.99,high,low,6,namesilo,,,22/09/2026 10:02
b5830013-f53e-4ee8-bb71-2b17fc1d713f,dataflow.attorney,available,62.99,62.99,high,low,9,namesilo,,,04/09/2026 04:48
1b1499e2-e255-438e-a754-dfe5bfdbbfdb,xxxviii.attorney,available,62.99,62.99,medium,low,7,namesilo,,,
3d91f8a8-9ce8-4cb6-a1ab-b105fc1573a8,gently.attorney,available,69.99,,high,low,6,name.com,,,
41443b10-2a80-41b4-bb65-e68fb5d79615,foreman.attorney,available,62.99,62.99,high,low,7,namesilo,,,23/09/2026 00:59
b0ee971b-0373-466a-a9e5-75ae0d555dd5,bronze.attorney,available,65.98,76.98,high,low,6,namecheap,,,23/09/2026 09:58
9aacf1da-4305-49f8-9d17-7dfcfe01aeae,reaction.attorney,available,62.99,62.99,high,low,8,namesilo,,,24/09/2026 14:16
e34d1575-c463-4f57-9423-6075fcd06bdc,shamanism.attorney,available,65.98,76.98,medium,low,9,namecheap,,,20/09/2026 14:05
42a8ebf3-280b-4b94-9471-b0dd9b1c9bd8,travelled.attorney,available,62.99,62.99,high,low,9,namesilo,,,
d87719b6-7eec-40f9-b151-41670db1b7d4,erotism.attorney,available,62.99,62.99,medium,low,7,namesilo,,,18/09/2026 16:15
390e43a0-0f92-4df9-813f-431a573002fd,pedestrian.attorney,available,62.99,62.99,high,low,10,namesilo,,,08/09/2026 12:28
ee63e18d-41dd-481f-aa5c-c9856ffc07d8,corky.attorney,available,62.99,62.99,high,low,5,namesilo,,,13/08/2026 01:23
e3f7e7e3-f3b5-4473-852c-56924baae8ba,atelier.attorney,available,65.98,76.98,high,medium,7,namecheap,,,20/09/2026 11:53
db891e6a-933a-4b60-9b0b-28597eb5d7cc,pack.attorney,premium,512,512,high,low,4,namesilo,,,23/09/2026 16:28
2f76b2a1-771a-4ba1-b679-c977e84bd485,grand.attorney,available,65.98,76.98,high,low,5,namecheap,,,21/09/2026 11:05
e843ca3f-bd66-4577-8b5b-55a3751a693b,inimical.attorney,available,62.99,62.99,medium,low,8,namesilo,,,22/08/2026 05:20
7ff43d79-a40e-4296-8707-73d04616f03f,runyon.attorney,available,65.98,76.98,medium,low,6,namecheap,,,18/09/2026 06:27
098ea199-c61e-43ff-8e30-4e99bce5e7bb,strangers.attorney,available,62.99,62.99,medium,low,9,namesilo,,,
03485a2a-9096-425c-8140-86654826e446,blurred.attorney,available,62.99,62.99,medium,low,7,namesilo,,,22/09/2026 23:21
cecca6b6-69dc-4bf1-9677-4bf06a85b95b,recusant.attorney,available,62.99,62.99,medium,low,8,namesilo,,,14/08/2026 12:28
f2e5a9a2-7578-4480-aa0d-9dfa74f1c564,buttonwood.attorney,available,69.99,81.99,medium,low,10,name.com,,,18/09/2026 20:34
c16cb384-9ebd-48cb-850a-70c58fee053b,autarky.attorney,available,62.99,62.99,medium,low,7,namesilo,,,21/09/2026 05:04
c9e3c4ec-3016-4492-b44d-6005a561c262,defection.attorney,available,65.98,76.98,medium,low,9,namecheap,,,19/09/2026 19:16
43f86c50-6eae-4cf1-bcca-f5aeaaa7a15e,cosmogenic.attorney,available,62.99,62.99,medium,low,10,namesilo,,,13/08/2026 03:00
7a96e6fc-39b9-4d63-b724-3eca60a21a4a,confluent.attorney,available,65.98,76.98,high,low,9,namecheap,,,12/08/2026 21:07
71e3cb34-fa57-49fd-8e43-e7c78cad86c3,vermicular.attorney,available,62.99,62.99,medium,low,10,namesilo,,,13/09/2026 02:27
54f63252-c5fe-4258-864a-fa4b0cb919e0,bismark.attorney,available,62.99,62.99,medium,low,7,namesilo,,,23/09/2026 09:37
a1508c0c-499e-4e8d-99cf-9fa5bc72c6fe,jews.attorney,available,62.99,62.99,medium,low,4,namesilo,,,
aec800c6-30fd-4454-9043-a360be4138be,critter.attorney,available,65.98,76.98,high,low,7,namecheap,,,24/09/2026 19:33
a334bd4b-8133-4d0f-9216-3e9a1ed1db0c,buena.attorney,available,49.95,49.95,medium,low,5,porkbun,,,27/09/2026 21:05
5886ee02-ae9e-4704-8116-64d23f891534,embodied.attorney,available,62.99,62.99,high,low,8,namesilo,,,16/08/2026 09:35
85cafc8a-fbcd-4b71-91c5-850fb88f3559,bechamel.attorney,available,62.99,62.99,medium,low,8,namesilo,,,22/09/2026 22:33
a7d49ae6-eb2f-4a4e-864c-9e63488b20e9,uplifted.attorney,available,62.99,62.99,high,low,8,namesilo,,,12/09/2026 23:11
aef924bb-4c59-49d4-b8f6-2197acd58941,daring.attorney,available,62.99,62.99,high,low,6,namesilo,,,07/08/2026 21:39
33301562-b06d-423e-ae3c-f93e99870160,orphaned.attorney,available,65.98,76.98,medium,low,8,namecheap,,,04/09/2026 18:01
7c6d1b27-22fd-42cb-b22d-5869d153b147,rain.attorney,available,69.99,81.99,high,medium,4,name.com,,,19/09/2026 07:28
dc652baa-d78c-44f8-b271-d46241be9bb1,vexatious.attorney,available,,,medium,low,9,,,,
3eb14d24-2bd2-4b15-96df-a144928a9888,niggers.attorney,available,62.99,62.99,low,low,7,namesilo,,,16/09/2026 14:20
99f7d8a5-fea6-4544-9e54-8801977c8536,cooling.attorney,available,62.99,62.99,high,low,7,namesilo,,,12/08/2026 05:28
996096dd-f453-4c02-9dae-065fb90d03e2,sycophant.attorney,available,65.98,76.98,medium,low,9,namecheap,,,20/09/2026 15:34
7a60542b-e060-47ca-a20e-0d52310f074b,bida.attorney,available,65.98,76.98,medium,low,4,namecheap,,,23/09/2026 13:39
0069a939-717b-4f35-9206-09af558d4559,apropos.attorney,available,62.99,62.99,high,low,7,namesilo,,,06/08/2026 10:00
fb20b7c0-2fe9-4d08-8a9d-50063f3737e4,convenient.attorney,available,62.99,62.99,high,low,10,namesilo,,,23/09/2026 15:48
919fef09-e538-4b39-97cd-c479e32091df,unobserved.attorney,available,62.99,62.99,medium,low,10,namesilo,,,12/09/2026 16:04
2e6a6110-b641-4beb-b5bd-a6c87650bbe6,thatch.attorney,available,62.99,62.99,medium,low,6,namesilo,,,24/09/2026 02:04
ec07b004-7deb-4d9a-9e00-1de91d3914de,sid.attorney,available,62.99,62.99,high,low,3,namesilo,,,25/09/2026 12:52
21abc6a8-5c04-49ad-99e1-4d71ed829cc8,rats.attorney,available,62.99,62.99,high,low,4,namesilo,,,
afb6af24-ffdf-484c-a258-bfb8c0b598bf,speciality.attorney,available,62.99,62.99,high,low,10,namesilo,,,18/08/2026 12:32
f8e7ffdc-34fa-4db5-9b82-f24fd0ea80a2,sulfur.attorney,available,62.99,62.99,high,low,6,namesilo,,,20/09/2026 22:28
a3f1969d-3701-461b-a950-895b2884eae6,variform.attorney,available,62.99,62.99,medium,low,8,namesilo,,,13/09/2026 01:22
8ad3ff54-55a5-4fb8-8dd7-395218efbbad,respondents.attorney,available,62.99,62.99,medium,low,11,namesilo,,,25/09/2026 21:41
691f8d98-8a96-4423-83eb-d1e1018ea4ff,angelical.attorney,available,65.98,76.98,medium,low,9,namecheap,,,22/09/2026 04:27
816c69ee-d5bf-4305-bc0d-e950d37dbea2,acrosome.attorney,available,62.99,62.99,medium,low,8,namesilo,,,17/09/2026 03:58
b3529e3e-aaf2-43ca-aba6-02fe5221ace9,alarm.attorney,available,62.99,62.99,high,low,5,namesilo,,,
535bff61-b8e0-4634-9628-2b3e38053827,hike.attorney,available,62.99,62.99,high,low,4,namesilo,,,24/09/2026 07:18
cf98f4fc-c6cf-4a79-8ff3-5ca045e7a20d,woody.attorney,available,62.99,62.99,high,low,5,namesilo,,,06/08/2026 13:08
de8d5bac-8eb3-408a-9b1e-6e6b7993a14d,unequaled.attorney,available,62.99,62.99,high,low,9,namesilo,,,12/09/2026 09:09
398b100f-bc2b-4c29-bd90-ff64c570cfe7,prosaic.attorney,available,62.99,62.99,medium,low,7,namesilo,,,21/08/2026 15:08
c9cd0b54-2f9f-4cb6-bfba-07a7f09910be,adventism.attorney,available,62.99,62.99,medium,low,9,namesilo,,,17/09/2026 10:32
29b2a175-6695-48d6-860b-17f781958070,narrowing.attorney,available,62.99,62.99,high,low,9,namesilo,,,12/08/2026 23:00
9de40fdf-1c56-4af1-a681-a667e0da5256,chairwoman.attorney,available,62.99,62.99,high,low,10,namesilo,,,
20aa9fd7-0076-4d3a-b5db-7d51103cee9b,coiled.attorney,available,62.99,62.99,medium,low,6,namesilo,,,12/08/2026 16:07
2b0c6029-5b3c-41ec-a167-bdaa3e1f49fb,belongings.attorney,available,62.99,62.99,high,low,10,namesilo,,,23/09/2026 06:56
11841b50-c7b2-48d9-b5f7-0ec685d5b69d,anglia.attorney,available,62.99,62.99,medium,low,6,namesilo,,,19/09/2026 06:45
37c99654-d85a-440b-9761-47192f91b816,fairy.attorney,available,62.99,62.99,high,low,5,namesilo,,,27/09/2026 09:04
be06561a-a09d-46fa-8bbd-39453580ecc5,arachnid.attorney,available,62.99,62.99,medium,low,8,namesilo,,,19/09/2026 23:40
b496d600-2add-4fa1-9967-c4a687d9f6b3,necessary.attorney,available,62.99,62.99,high,low,9,namesilo,,,24/09/2026 15:21
07fe5afc-9571-45d5-92db-6d631421f1a1,finally.attorney,available,62.99,62.99,high,low,7,namesilo,,,
c0eaee78-f59e-4b04-85bb-3fe1b2efc75d,actual.attorney,available,62.99,62.99,high,low,6,namesilo,,,21/09/2026 16:37
486f9ac8-575b-44cd-a343-3ae3b0469573,law.attorney,available,,,high,medium,3,,,,
fa119de8-1cdc-43ac-a9ef-a93492476c27,moneyless.attorney,available,62.99,62.99,medium,low,9,namesilo,,,25/08/2026 04:43
37f0932c-50da-4cc4-873b-9311f398a399,bjp.attorney,available,69.99,,high,low,3,name.com,,,
3c67192e-f481-4f2b-aef4-92b05e7043e0,wriggling.attorney,available,62.99,62.99,medium,low,9,namesilo,,,13/09/2026 13:41
3b3f3432-56f2-4cb0-a74b-3f75a9b6917e,evince.attorney,available,62.99,62.99,high,low,6,namesilo,,,17/08/2026 18:43
4e6f39b2-41e5-4174-874c-7a11ac9921a2,chemistry.attorney,available,62.99,62.99,high,low,9,namesilo,,,25/09/2026 04:08
98001a0d-2a52-44f6-8539-31cf11be5de9,criterial.attorney,available,62.99,62.99,medium,low,9,namesilo,,,13/08/2026 07:27
de6ea9cc-766a-4b47-b4ca-d2165e8bb297,lousy.attorney,available,62.99,62.99,medium,low,5,namesilo,,,24/09/2026 01:33
4f676070-406b-4f95-9529-492a9f130a40,nonplussed.attorney,available,62.99,62.99,medium,low,10,namesilo,,,07/08/2026 10:48
30c05f6f-db5d-49c5-b9fb-a2bbd9480c62,floor.attorney,available,62.99,62.99,high,low,5,namesilo,,,08/09/2026 02:52
307837d5-e18d-4f57-9517-a3cb0482b046,bashful.attorney,available,62.99,62.99,high,low,7,namesilo,,,08/08/2026 22:01
cdf3f923-d847-4f36-914b-390663655675,chuffed.attorney,available,62.99,62.99,medium,low,7,namesilo,,,12/08/2026 07:37
89ddbc75-37fe-4a71-aa0e-34ef8a9c5c00,firework.attorney,available,62.99,62.99,high,low,8,namesilo,,,09/09/2026 07:10
16687074-7d67-4888-9607-812210302f48,stove.attorney,available,65.98,76.98,high,low,5,namecheap,,,19/09/2026 18:48
b7aa1f69-369e-44d0-b449-9cb6be1af0f3,rectified.attorney,available,62.99,62.99,medium,low,9,namesilo,,,09/09/2026 11:55
52c349c9-127c-4c39-b7d0-89d25fbe3f51,toller.attorney,available,62.99,62.99,medium,low,6,namesilo,,,23/09/2026 05:41
40915791-09a0-4907-83fa-ffa043266a83,vendible.attorney,available,62.99,62.99,medium,low,8,namesilo,,,24/08/2026 20:32
509a5516-0b5f-4cee-9683-c203f0194fbb,encrusted.attorney,available,62.99,62.99,medium,low,9,namesilo,,,13/08/2026 09:24
3f6f86a5-f1ec-4594-81a7-f70881ef4fcc,permitted.attorney,available,62.99,62.99,high,low,9,namesilo,,,
a0dae1c5-d031-492f-88f6-6c5c6bd550dd,adrian.attorney,available,62.99,62.99,high,low,6,namesilo,,,17/09/2026 09:59
04e8f47e-b8de-43e7-87a6-bf0d5139269f,airlift.attorney,available,62.99,62.99,high,low,7,namesilo,,,17/09/2026 23:13
109a6419-77cb-4dac-bdc5-baf196e26adf,anopia.attorney,available,62.99,62.99,medium,low,6,namesilo,,,19/09/2026 11:39
557fa113-2e6b-4a39-925e-ef431b3d1b5a,perforation.attorney,available,69.99,,medium,low,11,name.com,,,
cb82f6bf-2a67-4ed0-ae98-0e253ccf7b2e,abkhazia.attorney,available,62.99,62.99,medium,low,8,namesilo,,,16/09/2026 16:03
45885085-5ef8-446b-9145-443e03f02a77,peacefully.attorney,available,65.98,76.98,high,low,10,namecheap,,,15/09/2026 19:23
8bcc97b1-52bd-42e0-a258-9a20d64a6b44,stain.attorney,available,62.99,62.99,high,low,5,namesilo,,,25/09/2026 16:55
97e50f8e-79bd-4a78-b1c9-72c86b63f9bb,plumbing.attorney,available,65.98,76.98,high,low,8,namecheap,,,22/09/2026 13:57
8d65a9ac-4167-44f5-a25c-cf262f8fac7d,wedged.attorney,available,62.99,62.99,medium,low,6,namesilo,,,21/08/2026 21:38
f4729c25-c0de-4c6a-bf3b-3fa2bd309f4b,medium.attorney,available,65.98,76.98,high,low,6,namecheap,,,25/09/2026 10:31
f20301c5-ca37-47d6-a3cf-f7ad51f84bfe,stephens.attorney,premium,512,512,high,low,8,namesilo,,,25/09/2026 15:57
1f44dbe4-c2d7-429b-a3c2-204882393a4a,patriot.attorney,available,62.99,62.99,high,low,7,namesilo,,,03/09/2026 13:42
589e2378-c0d4-4786-a1e2-e1bcacdc1454,atop.attorney,available,62.99,62.99,medium,low,4,namesilo,,,
3687ca1b-62a8-4c66-93ff-6e5be9d3b512,devil.attorney,available,62.99,62.99,medium,low,5,namesilo,,,23/09/2026 01:20
d98daffc-45ce-451c-abc7-a2ba15b0e406,tunisian.attorney,premium,3900,3900,medium,low,8,namecheap,,,11/09/2026 21:09
8daa8481-e6e5-41ab-a5d6-19298402719b,answered.attorney,available,62.99,62.99,high,low,8,namesilo,,,25/09/2026 16:54
3798bcfe-e39e-45d8-b88c-2ece25d946ff,resole.attorney,available,62.99,62.99,medium,low,6,namesilo,,,10/09/2026 13:33
72058781-64d2-4653-8306-aa6445728fb9,stirred.attorney,available,62.99,62.99,high,low,7,namesilo,,,25/08/2026 09:07
0a91cfec-67d1-445f-a5c8-d596207881d5,apios.attorney,available,65.98,76.98,medium,low,5,namecheap,,,19/09/2026 17:25
4f7eca50-77f3-4358-a84f-0a2e585f47cf,submerged.attorney,available,62.99,62.99,medium,low,9,namesilo,,,10/09/2026 23:30
7c97f8a0-3e50-41dd-b4f3-6c0e2eaf74d2,planted.attorney,available,62.99,62.99,high,low,7,namesilo,,,24/09/2026 04:59
9e5e0bfa-1a50-42ba-bace-784e22d6dfc1,hesse.attorney,available,62.99,62.99,high,low,5,namesilo,,,27/09/2026 04:26
52b00c7f-d1f8-4a79-912a-adb5603290ba,elliptical.attorney,available,62.99,62.99,high,low,10,namesilo,,,15/08/2026 18:01
7bc84847-3b79-49d6-a3a1-968fdfc118b9,attache.attorney,available,62.99,62.99,high,low,7,namesilo,,,21/09/2026 01:04
8af44584-0461-4a60-b56b-376400158798,economically.attorney,available,62.99,62.99,medium,low,12,namesilo,,,
21b63ab1-54b3-4a5f-a7db-8b31ee9e9b32,pyrenees.attorney,available,62.99,62.99,high,low,8,namesilo,,,
abfb8aff-f71e-4e4b-9d97-9711c755e0de,loiter.attorney,available,62.99,62.99,medium,low,6,namesilo,,,11/09/2026 08:23
426402ce-f9a7-4c73-81fb-024c1f040793,competence.attorney,available,62.99,62.99,high,low,10,namesilo,,,24/09/2026 16:46
36a58b6e-d61e-4541-a8ea-a97935610100,numerable.attorney,available,62.99,62.99,medium,low,9,namesilo,,,13/08/2026 03:32
0ae14427-6c20-4a2e-927a-f78ab64709ff,myriad.attorney,available,62.99,62.99,high,low,6,namesilo,,,13/08/2026 03:40
9300acc3-0b39-4b01-b277-8d22709aee82,oswald.attorney,available,62.99,62.99,high,low,6,namesilo,,,25/09/2026 08:53
a7349de7-09c2-4efe-909f-90294f9fe6d5,animality.attorney,available,65.98,76.98,medium,low,9,namecheap,,,19/09/2026 08:40
d22f1596-fb53-4731-8e82-ab9fd38d7747,playfield.attorney,available,62.99,62.99,high,low,9,namesilo,,,
429be812-1771-4c76-91a1-0b216d1afe67,acarine.attorney,available,65.98,76.98,medium,low,7,namecheap,,,16/09/2026 21:33
8096e83e-b0e3-4b05-851b-0fa794c11110,extraordinary.attorney,available,62.99,62.99,high,low,13,namesilo,,,
b749acbe-728f-4b7b-96a2-1ff410c95e5e,breakneck.attorney,available,62.99,62.99,medium,low,9,namesilo,,,11/08/2026 03:08
5c172c10-4eb4-4290-a910-23957c37fb01,john.attorney,premium,242,242,high,medium,4,namesilo,,,09/09/2026 02:17
a3ddf40f-5d33-4465-8999-10968f0ed420,bertolucci.attorney,available,62.99,62.99,medium,low,10,namesilo,,,23/09/2026 09:50
0cd9f34f-bba0-4024-a998-a8bd309abf1e,trillion.attorney,available,62.99,62.99,high,low,8,namesilo,,,11/09/2026 19:49
fe1acc0a-c93d-4c5b-a5fa-39948022e1df,trine.attorney,available,62.99,62.99,medium,low,5,namesilo,,,
8dd47723-d92c-4f7c-bd7d-7fc123653a23,balderdash.attorney,available,65.98,76.98,medium,low,10,namecheap,,,21/09/2026 21:39
8e4c8a1c-2448-414f-a18e-4cf3e2d2cc1b,sulphur.attorney,available,65.98,76.98,medium,low,7,namecheap,,,20/09/2026 22:29
d74a6df0-59df-494b-bbbb-38b2d3fdc482,karen.attorney,premium,242,242,high,low,5,namesilo,,,25/09/2026 08:08
daa20100-b7cb-4f46-a0e7-3f63f2947578,allograph.attorney,available,65.98,76.98,medium,low,9,namecheap,,,18/09/2026 11:54
5ef83f10-6946-4bf1-a8e6-aef622e07da3,lovesick.attorney,available,62.99,62.99,medium,low,8,namesilo,,,24/08/2026 10:18
c0583984-c4ef-42fe-bbc2-c3d5e616ef76,wheeler.attorney,premium,118.8,118.8,high,low,7,namesilo,,,23/09/2026 13:27
71d850f9-c060-4fb1-a85a-d1c0391b53c7,cannabis.attorney,available,,,high,medium,8,,,,
3b827fd7-4069-4146-88e0-e70d6d653f95,distrait.attorney,available,62.99,62.99,low,low,8,namesilo,,,14/08/2026 13:10
b4995e2d-4a54-4cd6-ab2b-c9cd6f764db5,joshua.attorney,available,62.99,62.99,high,low,6,namesilo,,,24/09/2026 06:58
fae5811b-66a5-43b3-b5db-36b2245dc332,mohammedan.attorney,available,62.99,62.99,medium,low,10,namesilo,,,25/08/2026 03:23
9bd7522e-3d77-4218-bdfc-f679d1acabcf,dry.attorney,premium,118.8,118.8,high,low,3,namesilo,,,24/09/2026 12:15
f373d97a-3c91-42ee-ba67-c7397269f615,otherwise.attorney,available,62.99,62.99,high,low,9,namesilo,,,26/09/2026 00:41
50f62ae9-45cf-45a0-ad43-51244b5ab90c,distract.attorney,available,62.99,62.99,high,low,8,namesilo,,,
d5e81e08-2aef-4e84-8113-12662e4dd3b7,dilatory.attorney,available,62.99,62.99,medium,low,8,namesilo,,,14/08/2026 07:31
79ca9159-ae3e-47ef-99ef-3b20dde687de,nightfall.attorney,available,62.99,62.99,high,low,9,namesilo,,,11/09/2026 21:44
52bee2fc-9cdb-4032-a944-c9e099aa6ac1,pairs.attorney,available,62.99,62.99,medium,low,5,namesilo,,,16/09/2026 14:58
ee310161-9141-49b1-9db2-15ed7ffd93f8,alarmed.attorney,available,62.99,62.99,medium,low,7,namesilo,,,
940843d3-8c16-4d6a-9554-8a831d867b38,hayden.attorney,available,62.99,62.99,high,low,6,namesilo,,,25/09/2026 15:33
9efb994f-b075-495b-a501-ecbd03cb2f9d,tight.attorney,available,62.99,62.99,medium,low,5,namesilo,,,09/08/2026 17:09
b053823c-cafa-40e5-b74e-db99d6f6b837,tale.attorney,available,62.99,62.99,high,low,4,namesilo,,,03/09/2026 13:20
f11c982a-1462-4145-a076-8f390cded72b,affirmations.attorney,available,62.99,62.99,medium,low,12,namesilo,,,21/09/2026 01:56
376b5284-9b20-4727-ab98-fcf969f22d1b,idler.attorney,available,62.99,62.99,medium,low,5,namesilo,,,14/08/2026 14:10
8f08c00f-15ec-4c60-b70b-379d6fc6741d,cactus.attorney,available,62.99,62.99,high,low,6,namesilo,,,24/09/2026 11:36
e06372d7-0fe5-483f-89b3-cd2d3df7fa41,posted.attorney,available,62.99,62.99,high,low,6,namesilo,,,09/09/2026 00:21
d03d5864-8cd5-42ac-9d24-48bef3ee0853,unsaved.attorney,available,65.98,76.98,medium,low,7,namecheap,,,12/09/2026 17:57
5a7ca45f-206a-4d5a-8543-b5de25801eec,pop.attorney,premium,118.8,118.8,high,medium,3,namesilo,,,24/09/2026 11:55
876f392f-b0eb-48b8-8e2c-718acf571ab5,variance.attorney,available,62.99,62.99,high,low,8,namesilo,,,13/09/2026 01:16
10f92980-2647-42c2-ae27-abea3c445d60,anura.attorney,available,62.99,62.99,medium,low,5,namesilo,,,19/09/2026 15:53
e2094bbe-d3b1-469e-8b30-c901564527d6,pompon.attorney,available,65.98,76.98,medium,low,6,namecheap,,,19/09/2026 09:36
6ad737af-284e-41db-ab15-b0d77bc06088,foldaway.attorney,available,62.99,62.99,medium,low,8,namesilo,,,18/08/2026 10:07
2b03a0dd-7e91-41c3-9899-a763c0322ce1,omnipotent.attorney,available,62.99,62.99,high,low,10,namesilo,,,
4aa0f025-8b4e-41ee-a2ac-1a049247c653,abnegation.attorney,available,62.99,62.99,medium,low,10,namesilo,,,16/09/2026 16:16
78a81f1b-0be5-4e57-8471-b7f565986bc3,schneider.attorney,premium,500,,high,low,9,name.com,,,
9d23286c-008b-4942-b56b-bcdf637405e0,cytotoxic.attorney,available,69.99,81.99,medium,low,9,name.com,,,13/08/2026 14:44
4990a4d4-0a14-4c3f-9bf6-78123e60c34d,neighborly.attorney,available,62.99,62.99,high,low,10,namesilo,,,03/09/2026 15:16
477e2006-e67b-44f8-988a-26c009d60e41,eliot.attorney,available,62.99,62.99,high,low,5,namesilo,,,25/09/2026 05:27
78d4a4b4-677e-4deb-8531-972fedf17977,suicidal.attorney,available,62.99,62.99,medium,low,8,namesilo,,,10/09/2026 02:02
cdd4eac5-ec0f-4a44-8ae0-acb21e71c5c1,pita.attorney,available,62.99,62.99,high,low,4,namesilo,,,
b4a6aaff-02dc-4d6b-bb15-8bcc06d0c655,anything.attorney,resell,,,high,low,8,"NameCheap, Inc.",14/01/2026 05:14,14/01/2027 05:14,26/09/2026 03:55
4cbebeb3-f0bb-4aa0-b1ec-a6b97d4f1d0f,benzoate.attorney,available,62.99,62.99,medium,low,8,namesilo,,,23/09/2026 08:56
6b74af18-2c01-47d1-8386-86c301a4474d,twin.attorney,available,62.99,62.99,high,low,4,namesilo,,,
5d9deaaf-062d-48ac-a2a3-f0a4d56c6072,geriatric.attorney,available,62.99,62.99,medium,low,9,namesilo,,,18/08/2026 22:42
d961cbb7-dffa-4be8-860f-a37b04c72272,alkyne.attorney,available,62.99,62.99,medium,low,6,namesilo,,,17/09/2026 00:25
a6e3d72e-2686-4cd7-a219-c4f2a773e0de,frothing.attorney,available,62.99,62.99,medium,low,8,namesilo,,,18/08/2026 09:42
acf7b275-f870-40e2-9423-2e5e9f27368c,amnesty.attorney,available,65.98,76.98,high,low,7,namecheap,,,18/09/2026 22:23
ae8169fb-d760-42ee-8637-233d6514b80b,fetal.attorney,available,62.99,62.99,high,low,5,namesilo,,,18/08/2026 02:16
74e3219a-d4c0-4839-9484-ade7362eac30,baeda.attorney,available,62.99,62.99,medium,low,5,namesilo,,,21/09/2026 17:19
189b2637-e038-4980-bac8-1eb0467b612c,nutbrown.attorney,available,62.99,62.99,medium,low,8,namesilo,,,03/09/2026 23:14
636a03fe-2430-45f1-b6cb-b97203c510a1,dusty.attorney,premium,242,242,medium,low,5,namesilo,,,14/08/2026 21:35
ee2245fd-1fa9-423f-890b-f8fc2066ca6b,doors.attorney,available,62.99,62.99,high,low,5,namesilo,,,25/09/2026 19:46
60989d54-e4f7-4297-8669-f41c462a76ac,murmured.attorney,available,65.98,76.98,medium,low,8,namecheap,,,18/09/2026 02:23
2b055637-f65e-408e-ae53-177cc0998e45,farfetched.attorney,available,62.99,62.99,medium,low,10,namesilo,,,17/08/2026 22:32
2bf1095b-10ee-4793-b865-060c7d29f719,repair.attorney,available,62.99,62.99,high,low,6,namesilo,,,27/09/2026 03:25
ac4b27d7-94c2-4aca-aefa-28277a7af9f9,snidely.attorney,available,62.99,62.99,low,low,7,namesilo,,,16/09/2026 03:18
7cae39dc-f5e6-4eec-b71d-e932c4b8c935,slaphappy.attorney,available,62.99,62.99,medium,low,9,namesilo,,,14/08/2026 05:04
dfd70807-6d72-46d4-90a3-4a740da0cedc,omen.attorney,available,65.98,76.98,high,low,4,namecheap,,,27/09/2026 07:13
34841126-7ee5-4f0a-a3d3-e82d121657a1,cleric.attorney,available,62.99,62.99,high,low,6,namesilo,,,14/08/2026 23:27
4c86615d-8a67-4f0d-af23-970925474f73,tahoe.attorney,premium,3750,,high,low,5,name.com,,,
04c898cd-df5b-4ef4-8269-69144460d8e6,appreciate.attorney,available,62.99,62.99,high,low,10,namesilo,,,27/09/2026 06:44
ef1ef534-ee1b-40ee-a4cc-c05e1d0b7c25,oracular.attorney,available,62.99,62.99,medium,low,8,namesilo,,,04/09/2026 17:12
9b8bcd42-9ac4-46a0-9a94-4a16e4550483,dogmatism.attorney,available,62.99,62.99,medium,low,9,namesilo,,,23/09/2026 15:23
164bf6d5-f076-41f5-b53f-5994c3e393c6,conventionally.attorney,available,69.99,,medium,low,14,name.com,,,
c2de93bf-b0c5-451e-896e-817456398291,jamaican.attorney,premium,3750,3750,high,low,8,name.com,,,22/08/2026 12:11
57042cd2-3099-4a3d-b9fe-d7f31d21298c,bellman.attorney,available,62.99,62.99,medium,low,7,namesilo,,,23/09/2026 06:01
f41a1d34-7c71-4ec7-8414-b4272cc7f03f,ignore.attorney,available,49.88,49.88,high,low,6,spaceship,,,27/09/2026 23:32
057c617c-f299-4927-8b64-07da36314440,bering.attorney,available,62.99,62.99,high,low,6,namesilo,,,23/09/2026 04:03
cf98582d-8a24-467f-a911-234ef5811b8b,taurine.attorney,available,62.99,62.99,medium,low,7,namesilo,,,11/09/2026 09:15
29f7522a-0d45-4905-94bf-13153538ea1a,rudolph.attorney,premium,260,260,high,low,7,namecheap,,,25/09/2026 14:11
851b9c3c-e0b6-461b-9b4a-94b7bc8bf0b5,restriction.attorney,available,62.99,62.99,high,low,11,namesilo,,,
3285e55a-3a9e-4f5e-8dba-f19d83884c71,three.attorney,premium,512,512,high,low,5,namesilo,,,21/09/2026 13:02
e0f81143-7886-413f-898e-4e48b5a92782,revery.attorney,available,62.99,62.99,high,low,6,namesilo,,,17/09/2026 21:59
c2db2447-8bee-49b6-9b4d-4737ecfb4d74,dromedary.attorney,available,62.99,62.99,medium,low,9,namesilo,,,19/09/2026 23:32
f81afa90-adce-42b5-b186-253d304217c2,rich.attorney,premium,520,520,high,low,4,namecheap,,,19/09/2026 18:40
7d10f085-5630-46e6-855d-9b5b68c6cf1a,rice.attorney,premium,118.8,118.8,high,low,4,namesilo,,,
357e6506-1cb4-48b3-9a53-80ae842c51b2,intangible.attorney,available,62.99,62.99,high,low,10,namesilo,,,21/08/2026 21:42
fe0d930c-51b7-4c91-9830-3ee97578c167,compact.attorney,available,62.99,62.99,high,low,7,namesilo,,,23/09/2026 16:18
77946888-4f73-4572-a04c-ea8cf8740cff,bun.attorney,available,62.99,62.99,high,low,3,namesilo,,,24/09/2026 11:10
3c4530de-3cee-4d97-a27d-2c211f291f2f,polluted.attorney,available,62.99,62.99,medium,low,8,namesilo,,,08/09/2026 23:08
caf19256-36c8-486d-b81e-f7adbd745bae,bonnie.attorney,premium,250,250,high,low,6,name.com,,,10/08/2026 18:47
544534ab-7e90-4f26-8912-ecd33d4e60c3,expound.attorney,available,62.99,62.99,high,low,7,namesilo,,,16/08/2026 00:37
1645f59f-74d9-4df1-8e84-3d40ed598a95,blown.attorney,available,62.99,62.99,medium,low,5,namesilo,,,10/08/2026 15:36
5947f422-d53d-447f-a66e-6cc2b359fbcb,buses.attorney,available,62.99,62.99,medium,low,5,namesilo,,,18/09/2026 13:34
e4b2db9b-b7f9-4e6e-995b-134932d090e5,trained.attorney,available,62.99,62.99,high,low,7,namesilo,,,
859243f0-f0c1-46de-b31b-45830fea6146,ataractic.attorney,available,62.99,62.99,low,low,9,namesilo,,,07/08/2026 12:44
760fac41-5013-4271-a063-91c740165a5c,bbs.attorney,available,65.98,76.98,high,low,3,namecheap,,,22/09/2026 18:34
0b4a85b3-97e8-49cc-ac54-82584b8818ec,chanted.attorney,available,62.99,62.99,medium,low,7,namesilo,,,12/08/2026 02:00
35a7811e-e253-4bd8-a2fd-acd85c911d33,toilet.attorney,available,62.99,62.99,high,low,6,namesilo,,,27/09/2026 04:48
1bb63319-78b7-4834-b913-eaddbc530093,ramose.attorney,available,62.99,62.99,medium,low,6,namesilo,,,11/08/2026 02:14
42a24ad7-1462-4b69-8399-28742ad69c98,kafkaesque.attorney,available,62.99,62.99,medium,low,10,namesilo,,,22/08/2026 15:04
ca8007d5-2dd9-4410-9f1c-f6188cf413eb,evasive.attorney,available,62.99,62.99,medium,low,7,namesilo,,,17/08/2026 14:47
0a78dd2f-e274-4a01-a291-400af8b942ea,virtually.attorney,available,62.99,62.99,high,low,9,namesilo,,,
9b98068f-b5fa-4f43-a496-c2d44bef06bb,discrete.attorney,available,62.99,62.99,high,low,8,namesilo,,,14/08/2026 10:02
cc7be8c8-d727-491a-833f-0c877a611753,collarless.attorney,available,62.99,62.99,medium,low,10,namesilo,,,12/08/2026 16:40
1e83cdf4-a291-4d89-9ade-a302a9924ba3,dainty.attorney,available,69.99,81.99,high,low,6,name.com,,,13/08/2026 15:40
f6dcc684-e6f5-486a-aab0-a97a2fd2ed33,candy.attorney,premium,242,242,high,medium,5,namesilo,,,25/09/2026 22:17
37e23ff8-c892-4021-9814-7b8a0f212d03,exhibit.attorney,available,65.98,76.98,high,low,7,namecheap,,,27/09/2026 05:10
d37ff27b-f0d1-4828-a3bc-e7aa413d17ea,honest.attorney,premium,118.8,118.8,high,low,6,namesilo,,,21/08/2026 13:19
5416fab5-8759-4198-a7fa-677f73221f0d,athene.attorney,available,65.98,76.98,high,low,6,namecheap,,,20/09/2026 20:37
00d76018-837a-44c5-adb5-4e9ba1d8da3c,asphodel.attorney,available,62.99,62.99,medium,low,8,namesilo,,,20/09/2026 15:08
b92b0e1f-9fa4-456f-ab7b-0bf8f8b930d4,aircrew.attorney,available,65.98,76.98,high,low,7,namecheap,,,17/09/2026 22:11
dd0b23d2-a96d-47d2-b766-76e24bf6a44e,gotten.attorney,available,62.99,62.99,medium,low,6,namesilo,,,
b158728e-1752-43ac-9867-dfeb5072942f,chorale.attorney,available,62.99,62.99,high,low,7,namesilo,,,12/08/2026 07:04
bcccabcf-c7ef-4775-88f7-0d735b15cd23,unbolted.attorney,available,62.99,62.99,medium,low,8,namesilo,,,12/09/2026 01:36
91b550f2-cc15-4633-9bc4-214617f1b852,counts.attorney,available,65.98,76.98,high,low,6,namecheap,,,18/09/2026 18:14
8e782458-be4c-4033-9b84-56ecd3b71dab,autopsy.attorney,available,62.99,62.99,high,low,7,namesilo,,,21/09/2026 07:38
08031759-6f9f-4dc9-b932-850388e090a8,adjunction.attorney,available,62.99,62.99,medium,low,10,namesilo,,,17/09/2026 08:25
503dd086-c6e0-43ec-b7fd-28cd7e5ca9b5,agrypnia.attorney,available,65.98,76.98,medium,low,8,namecheap,,,17/09/2026 20:02
f3c842fd-78e2-4001-b86b-04773ade2ee9,drinking.attorney,available,69.99,,high,low,8,name.com,,,
f37a40eb-af01-424d-a512-b7339766db41,fey.attorney,available,62.99,62.99,medium,low,3,namesilo,,,16/08/2026 03:39
f9507135-eda3-422a-bf91-827dcbb32066,bodied.attorney,available,62.99,62.99,high,low,6,namesilo,,,10/08/2026 16:44
16ee9432-0c80-490d-9fa3-4d1b5ffb683d,shag.attorney,available,62.99,62.99,medium,low,4,namesilo,,,18/08/2026 17:33
54526308-70aa-4fa9-9f03-f0c7bffe90d9,albino.attorney,available,62.99,62.99,high,low,6,namesilo,,,18/09/2026 02:58
b83070bc-76b1-4105-9e94-df06f5bdb7f5,mincing.attorney,available,69.99,81.99,high,low,7,name.com,,,13/08/2026 15:43
0b49d529-ef8e-430d-b312-081adeb1437a,range.attorney,available,49.88,49.88,high,low,5,spaceship,,,28/09/2026 01:38
8615f8c9-38f9-404c-8134-c9e5b3b17877,beefy.attorney,available,62.99,62.99,medium,low,5,namesilo,,,09/08/2026 07:49
0965aa01-4809-4ef3-b836-940016f89b78,propose.attorney,available,62.99,62.99,high,low,7,namesilo,,,
211be762-f809-4593-920f-11369d819f2d,hirsute.attorney,available,62.99,62.99,medium,low,7,namesilo,,,20/08/2026 22:11
7d14245e-86b5-4278-ae29-6a502d142a9b,disturbed.attorney,available,62.99,62.99,medium,low,9,namesilo,,,11/08/2026 01:48
b4e45643-8050-4824-8fd5-37d6a6fffe45,marty.attorney,premium,260,260,high,low,5,namecheap,,,25/09/2026 15:43
41085178-7800-4d0d-bf0c-aa728a1c9b6a,hostility.attorney,available,65.98,76.98,medium,low,9,namecheap,,,19/09/2026 12:25
966fdf60-8c5e-479c-87b8-5eb0d7ff24fe,sevenfold.attorney,available,62.99,62.99,medium,low,9,namesilo,,,10/09/2026 04:25
56aaf9e0-8bf6-4a87-ae11-d613f4992121,clanging.attorney,available,62.99,62.99,medium,low,8,namesilo,,,12/08/2026 09:31
9f1a8738-d74a-4d7c-9e3f-5cb2458e5755,bacteria.attorney,available,62.99,62.99,high,low,8,namesilo,,,21/09/2026 16:28
e2982975-4c32-46d7-a69b-9d67fb0f8027,conformity.attorney,available,62.99,62.99,high,low,10,namesilo,,,16/09/2026 15:32
eb169597-8086-4cb4-8402-766e1791a851,nonuple.attorney,available,62.99,62.99,low,low,7,namesilo,,,03/09/2026 17:30
0e59e1ed-4e19-4878-b8dc-a5c3719cc176,yourself.attorney,available,62.99,62.99,high,low,8,namesilo,,,25/09/2026 12:53
f32ef901-9c53-4bfd-a1b2-bc45b79d2d52,estimators.attorney,available,62.99,62.99,medium,low,10,namesilo,,,20/09/2026 23:34
2d37c27c-2a80-48ad-b91b-2f04b7b78319,emotive.attorney,available,62.99,62.99,high,low,7,namesilo,,,
5f1518e6-1b9a-4f7b-9f14-b8f81d8d052c,blower.attorney,available,62.99,62.99,medium,low,6,namesilo,,,12/08/2026 01:06
c62c063a-d1eb-4a6f-8602-43c8bf9e3b16,bilgy.attorney,available,65.98,76.98,medium,low,5,namecheap,,,09/08/2026 21:16
6c8ab117-2b2c-483b-930f-5795fe0d3c48,canonical.attorney,available,62.99,62.99,high,low,9,namesilo,,,11/08/2026 17:23
7fa93f6b-2e97-42dd-b253-8ec88ba4d1cc,nan.attorney,premium,123.75,,high,low,3,name.com,,,
94ebdd20-415e-47c1-ad0a-9a01472638b5,utter.attorney,available,62.99,62.99,high,low,5,namesilo,,,
a240cbbe-23be-4345-bcec-d6575f69c9e6,cross.attorney,premium,512,512,high,low,5,namesilo,,,22/09/2026 16:13
4cbbc57a-0739-4bbf-97e6-bed198dfdbc8,hideous.attorney,available,62.99,62.99,medium,low,7,namesilo,,,21/08/2026 08:13
0df8ce2b-8c54-4f13-98f7-32f4fdcfac8e,cordially.attorney,available,62.99,62.99,medium,low,9,namesilo,,,14/09/2026 08:43
e0c91f00-9d45-4917-a2f1-e4b45051218b,vanadium.attorney,available,62.99,62.99,medium,low,8,namesilo,,,20/09/2026 22:37
17f1a210-bd05-4b47-8b33-758b9d8d87f4,gluey.attorney,available,62.99,62.99,medium,low,5,namesilo,,,20/08/2026 15:16
edd93926-63ad-4305-8476-b9d7b6c6fc91,alexander.attorney,premium,118.8,118.8,high,low,9,namesilo,,,
2d9ca2f5-cbb2-49b5-a74c-4121a49d372b,gregorio.attorney,available,62.99,62.99,high,low,8,namesilo,,,
60ac5782-e83d-4783-b486-9108685fff23,restfully.attorney,available,62.99,62.99,medium,low,9,namesilo,,,15/09/2026 23:24
95426759-1865-4c47-9d3b-b9da0d80eaec,sanely.attorney,available,62.99,62.99,medium,low,6,namesilo,,,16/09/2026 00:33
a79ba981-0fca-469e-9ae6-a3ce79514af9,dubnium.attorney,available,62.99,62.99,medium,low,7,namesilo,,,20/09/2026 22:04
47264abb-9f51-4d4a-a57f-099d5603238d,heartsease.attorney,available,62.99,62.99,medium,low,10,namesilo,,,20/09/2026 19:40
b4a17047-040c-4655-a7d4-903c92e9dcf6,coy.attorney,available,62.99,62.99,high,low,3,namesilo,,,24/09/2026 01:10
21b18584-12dd-444d-96a0-46e05c67a43c,squalls.attorney,available,62.99,62.99,low,low,7,namesilo,,,20/09/2026 14:16
486b4999-f6da-4a61-8479-d07c620715a8,transport.attorney,available,65.98,76.98,high,low,9,namecheap,,,23/09/2026 02:49
40ca314f-55c8-423f-a080-39caba3c2074,baa.attorney,available,62.99,62.99,high,low,3,namesilo,,,10/08/2026 13:40
6b0e28e1-ab75-4147-ba0c-b7dd9ad0d995,confirmed.attorney,available,65.98,76.98,high,low,9,namecheap,,,23/09/2026 19:53
cc834820-4ae4-4fa7-82ca-e9c3c11936dc,banjo.attorney,available,62.99,62.99,high,low,5,namesilo,,,22/09/2026 02:11
628df190-fc76-4700-b176-df75022d53be,permeable.attorney,available,62.99,62.99,medium,low,9,namesilo,,,08/09/2026 17:36
2571e445-3516-413d-9683-f1d15974e81b,dame.attorney,available,65.98,76.98,high,low,4,namecheap,,,24/09/2026 20:56
361762ca-20bc-458f-a19b-af76c89b3f18,mail.attorney,premium,3450,3450,high,medium,4,namesilo,,,25/09/2026 14:58
e55f6b42-643f-4902-9f3e-e2333a73a5a7,kingsley.attorney,available,48.2,48.2,medium,low,8,cloudflare,,,27/09/2026 20:56
85cd9871-46ce-40c2-b6a9-044d5180fd05,bookmark.attorney,available,62.99,62.99,high,low,8,namesilo,,,24/09/2026 07:12
fec1e93f-dc0c-4c66-afcc-f3cbad2048e3,streaky.attorney,available,62.99,62.99,medium,low,7,namesilo,,,10/09/2026 22:22
921c9a1f-c50c-4de7-b4cb-8e90f6e9c74f,parvenue.attorney,available,62.99,62.99,medium,low,8,namesilo,,,03/09/2026 22:16
a43afd2e-6c7d-4854-b526-5008486bfda8,sourly.attorney,available,62.99,62.99,low,low,6,namesilo,,,16/09/2026 05:40
96aa4432-ef36-4c7a-ba68-964dff4547ef,universe.attorney,available,62.99,62.99,high,low,8,namesilo,,,
8235e74f-909a-41a6-8772-548d0c131c62,scan.attorney,premium,242,242,high,low,4,namesilo,,,
56608eea-081b-4999-b47f-04ab5cdd62c8,towering.attorney,available,65.98,76.98,high,low,8,namecheap,,,11/09/2026 18:24
ef0c0880-c036-456c-b4a2-c052a33cbc9c,manage.attorney,available,62.99,62.99,high,medium,6,namesilo,,,23/09/2026 08:43
95051c17-1132-4519-b92d-21f567ebf54b,average.attorney,available,62.99,62.99,high,low,7,namesilo,,,22/09/2026 14:28
03c9171b-89bf-45ef-8039-b1c2519cdfde,commentate.attorney,available,62.99,62.99,high,low,10,namesilo,,,
540fa63f-2be8-4318-98ed-074d8f5d76c1,someplace.attorney,available,62.99,62.99,high,low,9,namesilo,,,16/09/2026 04:51
15aff09a-edd6-4b60-bd4a-852cebcb593e,humorous.attorney,available,62.99,62.99,high,low,8,namesilo,,,25/09/2026 06:35
1d96ef4e-37a3-4804-a2bd-4314aa055217,nautilus.attorney,available,62.99,62.99,high,low,8,namesilo,,,20/09/2026 04:33
5e8dd695-53cd-426b-97d0-48879af22ea9,unisex.attorney,available,62.99,62.99,high,low,6,namesilo,,,12/09/2026 13:52
b87e07e4-4af0-4529-801f-e71846c74a2e,annoying.attorney,available,65.98,76.98,high,low,8,namecheap,,,22/09/2026 05:19
b9307d7b-a69f-468d-b72a-2aacaeea8ee5,resolvent.attorney,available,62.99,62.99,medium,low,9,namesilo,,,10/09/2026 13:54
de5f5eb4-ea9c-44a4-a372-26c28486f25f,uveous.attorney,available,62.99,62.99,low,low,6,namesilo,,,13/09/2026 00:24
d5d95895-f807-4daa-baa4-8b6f2f4a75f3,auricula.attorney,available,62.99,62.99,medium,low,8,namesilo,,,21/09/2026 04:20
570b0038-d6f1-4f93-9d31-2214ebb7080e,lithuanian.attorney,premium,3750,3750,high,low,10,name.com,,,24/08/2026 07:30
5b5da9ec-6d0d-4685-b464-a8f3e7c118f9,billhook.attorney,available,62.99,62.99,medium,low,8,namesilo,,,23/09/2026 16:21
9d7dc723-2026-470a-af9b-ddde96aa817d,dignified.attorney,available,62.99,62.99,high,low,9,namesilo,,,24/09/2026 08:18
eb8e1838-211f-46de-a0f9-4d36b92071aa,premolar.attorney,available,62.99,62.99,high,low,8,namesilo,,,09/08/2026 19:46
d53d77d7-f2f7-4fd3-a42a-72ccb22fec6c,brake.attorney,available,62.99,62.99,medium,low,5,namesilo,,,24/09/2026 08:06
232bd670-d8e6-457b-b927-98261596a80d,bronchial.attorney,available,62.99,62.99,medium,low,9,namesilo,,,11/08/2026 05:35
5e059ff1-b511-4619-965f-4e7f5c822508,knows.attorney,available,62.99,62.99,high,low,5,namesilo,,,25/09/2026 02:31
b1b6fa5e-87e4-4351-87a9-256162be2ca7,talked.attorney,available,62.99,62.99,medium,low,6,namesilo,,,18/09/2026 13:42
87cf2e62-f4f0-4838-a351-cceb3f18b6b8,counselling.attorney,available,62.99,62.99,high,low,11,namesilo,,,17/09/2026 12:13
1abe35b9-2ac3-47e8-abef-f0d0726324b0,jan.attorney,available,62.99,62.99,high,low,3,namesilo,,,
aa967ed8-96a1-44f3-b95f-deaa1656c142,dusk.attorney,available,65.98,76.98,high,low,4,namecheap,,,11/09/2026 21:39
df0b3cf2-a55f-4975-a244-77b91d393f29,axon.attorney,available,62.99,62.99,high,low,4,namesilo,,,21/09/2026 10:30
3fe94961-0f0e-4ef6-88c7-4a4e01342428,avocet.attorney,available,65.98,76.98,medium,low,6,namecheap,,,21/09/2026 09:44
b2b0ff93-a99f-4c82-be3b-5167fb357bd5,applicator.attorney,available,65.98,76.98,medium,low,10,namecheap,,,19/09/2026 21:55
a4ce7621-f523-48ab-ba9b-ba27e874443c,entrenched.attorney,available,62.99,62.99,medium,low,10,namesilo,,,24/09/2026 14:13
b81f5a2b-a31b-45cd-9472-cf171b0596c6,anhedonia.attorney,available,62.99,62.99,medium,low,9,namesilo,,,19/09/2026 07:46
694bc50f-8ad3-4be6-bc30-c71dbdefdf5d,foiled.attorney,available,62.99,62.99,medium,low,6,namesilo,,,14/08/2026 09:27
dd6cf6ed-01b2-405e-b2ad-a2839cad88b1,babel.attorney,available,62.99,62.99,high,low,5,namesilo,,,21/09/2026 12:37
a16ffc70-7e1c-47ce-a374-e2c44918fbe6,leger.attorney,available,62.99,62.99,medium,low,5,namesilo,,,16/09/2026 23:07
93af27e3-160e-4c8c-a611-324cfb01207a,shore.attorney,premium,3450,3450,high,low,5,namesilo,,,26/09/2026 00:07
52832494-7c03-41b9-937f-71aba5358729,brow.attorney,available,69.99,,high,low,4,name.com,,,
e9a49d97-5f84-4d08-aee8-c74b918e4300,naif.attorney,available,62.99,62.99,medium,low,4,namesilo,,,03/09/2026 12:52
22c5e5a1-a050-4351-92b3-f21b6148a145,belated.attorney,available,62.99,62.99,medium,low,7,namesilo,,,09/08/2026 12:37
dca752e8-d4c8-44e0-a540-4d0942191eec,badge.attorney,premium,260,260,high,low,5,namecheap,,,19/09/2026 15:56
360d3db0-8b4e-44c2-a137-beab61bba6b3,unlogical.attorney,available,65.98,76.98,low,low,9,namecheap,,,21/08/2026 20:07
2e10060c-723d-49fe-bc2f-cbe8afd623ff,devote.attorney,available,62.99,62.99,high,low,6,namesilo,,,
197bee4f-5fdf-4fc2-bd2b-d7cbebc964f3,munro.attorney,available,62.99,62.99,high,low,5,namesilo,,,27/09/2026 13:53
e57b1f09-6492-43db-bba1-fce193b32362,xxiv.attorney,available,62.99,62.99,medium,low,4,namesilo,,,
005fa05d-d094-46f6-aa4a-6da35118da8f,uncivil.attorney,available,62.99,62.99,medium,low,7,namesilo,,,12/09/2026 05:12
7af87995-8287-46b9-9804-aab649030f61,ultimately.attorney,available,62.99,62.99,high,low,10,namesilo,,,
ba0ab13a-ee82-486f-95f8-64e214e1af8d,lions.attorney,available,62.99,62.99,high,low,5,namesilo,,,
ace7e3c0-e957-4d21-8f4f-bf07cfeaa866,lineage.attorney,available,62.99,62.99,high,low,7,namesilo,,,08/09/2026 13:04
2837857f-8be1-4f0c-b9c0-8b354c3857df,inhuman.attorney,available,62.99,62.99,medium,low,7,namesilo,,,12/08/2026 16:25
01ccc2d1-be9e-4f2d-9236-30820499f206,jacobean.attorney,available,62.99,62.99,high,low,8,namesilo,,,22/08/2026 11:47
8652950f-ada0-4344-abcf-337818e3caa2,dexter.attorney,available,62.99,62.99,high,low,6,namesilo,,,14/08/2026 05:26
bc2070b9-a072-42e0-a46f-4f1952f03016,packaged.attorney,available,62.99,62.99,high,low,8,namesilo,,,04/09/2026 22:44
f486747b-cc93-4c6f-bac5-ed5017a826a2,bacchante.attorney,available,62.99,62.99,medium,low,9,namesilo,,,21/09/2026 13:59
bc91176c-4645-467b-8ba4-3b719f47be78,indiana.attorney,premium,3125,,high,low,7,name.com,,,
05bb4b5e-dfbe-478d-be8b-8b8533aca537,unhelpful.attorney,available,62.99,62.99,medium,low,9,namesilo,,,12/09/2026 12:26
1bc3e654-65eb-4026-a61d-605438b97a94,leek.attorney,available,62.99,62.99,medium,low,4,namesilo,,,18/09/2026 11:25
78bcfbcb-d010-4610-bbd2-9551a898681f,meditative.attorney,available,62.99,62.99,high,low,10,namesilo,,,11/08/2026 05:56
52ca0432-feac-4375-8fed-10fe700ac194,chambered.attorney,available,62.99,62.99,medium,low,9,namesilo,,,12/08/2026 01:34
8083e1f8-1af3-49b2-bc3d-3dd766bafb74,venturous.attorney,available,69.99,81.99,medium,low,9,name.com,,,13/08/2026 17:49
bec20240-635b-4ad9-834e-2c26332dcb5b,serous.attorney,available,62.99,62.99,medium,low,6,namesilo,,,10/09/2026 04:43
a6182ff8-e6e0-454c-a78a-f07b3ff0dcf9,blame.attorney,available,62.99,62.99,high,low,5,namesilo,,,10/08/2026 12:37
79c392e2-3ee9-4e7a-bcb9-b3dae1a97aa2,accredited.attorney,available,62.99,62.99,high,low,10,namesilo,,,21/09/2026 15:54
173da2f3-6510-484d-aa04-d414f9a01cb9,bister.attorney,available,62.99,62.99,medium,low,6,namesilo,,,23/09/2026 22:08
e33e183b-9352-455d-9030-b7652257e8cd,treated.attorney,available,62.99,62.99,high,low,7,namesilo,,,11/09/2026 10:52
d459425a-5348-44a2-aff2-74d6ab4ba1ab,sopranino.attorney,available,62.99,62.99,medium,low,9,namesilo,,,10/09/2026 14:22
2fbc6d48-61a5-42ee-8224-4aa6b65296d1,arafat.attorney,available,65.98,76.98,medium,low,6,namecheap,,,19/09/2026 23:42
fc4b98c6-ffc3-49e7-8228-b4e1f2e2a03c,thickener.attorney,available,62.99,62.99,medium,low,9,namesilo,,,11/09/2026 13:14
9729c59a-d36a-4705-be2f-09a0d01dcdfe,unquestionable.attorney,available,69.99,,medium,low,14,name.com,,,
a0e5f78d-b82c-4135-b309-7a3dcdbe2fcb,selfworth.attorney,available,62.99,62.99,high,low,10,namesilo,,,
0dfb9b5c-ba05-4442-bc15-68d08d0ebe12,etc.attorney,premium,118.8,118.8,high,low,3,namesilo,,,
358737ba-af4a-472e-9511-f038ebcf018d,opencut.attorney,available,62.99,62.99,medium,low,7,namesilo,,,04/09/2026 16:10
b0727b8f-6590-4b1f-86a0-a2c910b56454,oddly.attorney,available,69.99,,medium,low,5,name.com,,,
33910201-5e46-4b1d-acfd-ef360ab9887f,pitiful.attorney,available,62.99,62.99,medium,low,7,namesilo,,,14/08/2026 02:27
e351ce1f-85bf-4215-b7b5-cee5ba0e1c5a,womanly.attorney,available,62.99,62.99,high,low,7,namesilo,,,13/09/2026 13:03
ebe8279e-4934-493c-9872-22ba5884b40e,anxious.attorney,available,49.88,49.88,high,low,7,spaceship,,,27/09/2026 21:59
b06540a3-c2c1-4ff4-b017-c1bacca80227,meshugga.attorney,available,65.98,76.98,low,low,8,namecheap,,,24/08/2026 21:04
18f05902-058d-412f-bc61-6410c06354aa,burred.attorney,available,62.99,62.99,medium,low,6,namesilo,,,08/08/2026 17:23
5dd42f2a-6861-41a5-a5d7-00da870b8c1d,lazily.attorney,available,62.99,62.99,medium,low,6,namesilo,,,15/09/2026 01:40
a8d76879-98c4-432c-a6c8-48fe54dfab8e,postscript.attorney,available,62.99,62.99,high,low,10,namesilo,,,17/09/2026 06:45
99ee391b-e9fe-4796-8c26-976a290a035a,aliens.attorney,available,65.98,76.98,high,low,6,namecheap,,,19/09/2026 19:25
1fd91ca2-000f-4d98-89d3-9cbf8edd2bc7,debt.attorney,available,,,high,low,4,,,,
2b8dec03-68a6-4c4c-914b-9e9b7a1ba0e0,untrusty.attorney,available,62.99,62.99,medium,low,8,namesilo,,,12/09/2026 21:46
65c2a2dc-ce85-4e0f-8846-c2edd631d7a7,quantized.attorney,available,62.99,62.99,medium,low,9,namesilo,,,09/09/2026 07:30
7b4250d3-dd40-42df-93c5-9ceda5ddf7b8,eldritch.attorney,available,62.99,62.99,medium,low,8,namesilo,,,16/08/2026 02:21
f380dda3-29ce-4c42-9cf8-13135bf795a1,dough.attorney,available,62.99,62.99,high,low,5,namesilo,,,08/09/2026 03:53
61516dd5-cbc3-4333-9f2f-0fc2e46da5f9,xiii.attorney,available,62.99,62.99,high,low,4,namesilo,,,21/09/2026 11:34
bbb9dd15-da37-400b-bac3-b8ef48012de6,widgeon.attorney,available,62.99,62.99,medium,low,7,namesilo,,,19/09/2026 02:58
a6528838-cee3-4475-98a6-8748dffa9204,alfalfa.attorney,available,65.98,76.98,high,low,7,namecheap,,,18/09/2026 06:07
e221fa83-cb50-4631-9668-478937096833,doyle.attorney,premium,512,512,high,low,5,namesilo,,,25/09/2026 12:42
8c232b05-46ab-4730-a6d8-281ce3f4d41b,soporific.attorney,available,62.99,62.99,medium,low,9,namesilo,,,21/08/2026 16:58
dfa52fff-bbe5-4202-af8e-9d792cc2ab19,priests.attorney,available,62.99,62.99,medium,low,7,namesilo,,,18/09/2026 03:38
dd747259-9574-4d1a-83d8-b8304e7e904f,bestower.attorney,available,62.99,62.99,medium,low,8,namesilo,,,23/09/2026 10:47
c0ca6cc4-ee33-4737-b904-0ff07502ef5a,lawrencium.attorney,available,62.99,62.99,medium,low,10,namesilo,,,20/09/2026 22:00
2d5b481a-dbcf-489d-8fcd-2cb97ad4a466,vertically.attorney,available,69.99,81.99,medium,low,10,name.com,,,16/09/2026 10:53
b1d72011-8ff8-4d35-a6e4-2f2dbafef7b5,enthusiast.attorney,available,62.99,62.99,high,low,10,namesilo,,,08/09/2026 02:16
55610b31-40e2-42d3-a701-6f81acc1970b,wad.attorney,available,62.99,62.99,high,low,3,namesilo,,,25/08/2026 00:49
dac400dd-c945-4a3f-94a1-dbc9e09e7904,successful.attorney,premium,118.8,118.8,high,low,10,namesilo,,,
3aa3d552-a884-41b7-9d00-ab14b3a9d27b,moderato.attorney,available,62.99,62.99,medium,low,8,namesilo,,,25/08/2026 02:58
f098d2dc-225c-471d-a54a-6de4fb6396b8,quarters.attorney,available,62.99,62.99,high,low,8,namesilo,,,
7042d72f-a978-44d8-ae65-4a8027c9f359,suppliant.attorney,available,62.99,62.99,medium,low,9,namesilo,,,11/09/2026 02:30
ec905506-3e72-48c1-88e8-04cb88fd704c,bullheaded.attorney,available,62.99,62.99,medium,low,10,namesilo,,,11/08/2026 08:30
e5a9c06e-60a9-4244-80ce-f4d1c9a13ba2,subaltern.attorney,available,62.99,62.99,medium,low,9,namesilo,,,22/08/2026 14:29
e93d890c-6be7-4e26-898d-d8749206947b,cursively.attorney,available,62.99,62.99,medium,low,9,namesilo,,,14/09/2026 10:07
01a9a5c6-3508-4d66-a0e6-08421de8857e,salubrious.attorney,available,62.99,62.99,high,low,10,namesilo,,,20/08/2026 16:33
78bed873-6da8-4483-aee7-8de37f218095,aconcagua.attorney,available,65.98,76.98,medium,low,9,namecheap,,,17/09/2026 02:04
3fee3416-6835-4fe6-bc66-7bad55d01f42,grouch.attorney,available,62.99,62.99,medium,low,6,namesilo,,,13/08/2026 04:56
75e9f33e-85c4-4fa9-a01f-9e007049791e,multiphase.attorney,available,62.99,62.99,medium,low,10,namesilo,,,03/09/2026 10:50
e71bcdc0-f53c-4d58-84b4-1186d835738a,oozing.attorney,available,62.99,62.99,medium,low,6,namesilo,,,04/09/2026 15:28
c6c078b6-67bf-4d3e-8555-376cd1f503b5,slippery.attorney,available,62.99,62.99,medium,low,8,namesilo,,,10/09/2026 11:01
cb1d3049-8d66-4564-be77-e117e91f06fb,raiment.attorney,available,65.98,76.98,medium,low,7,namecheap,,,19/09/2026 19:57
3a2d8b5d-c338-426b-bcfe-380c828a7445,caleb.attorney,premium,242,242,high,low,5,namesilo,,,27/09/2026 11:16
6e31bd3a-234c-4fe8-9b31-2208ae342ae2,overdue.attorney,available,62.99,62.99,medium,low,7,namesilo,,,26/09/2026 03:28
e7a835e3-1b62-4385-a76e-4eca19391f6e,seedy.attorney,available,62.99,62.99,medium,low,5,namesilo,,,
1e9307f2-9e2e-473a-82d3-0b26a0b78e6d,centrist.attorney,available,62.99,62.99,high,low,8,namesilo,,,12/08/2026 00:14
f602ccc5-a4db-43ba-a4c2-e9d0f4f7cb4d,sot.attorney,available,65.98,76.98,medium,low,3,namecheap,,,14/08/2026 20:22
20aa1449-af73-456e-82c9-4b1dc1b0d0d9,heartburn.attorney,available,62.99,62.99,medium,low,9,namesilo,,,
03ef0145-a55b-4139-810d-11c27dc5b816,christmas.attorney,available,62.99,62.99,high,low,9,namesilo,,,24/09/2026 17:05
128642c8-7652-4dc2-9b01-c97f980b6663,drowning.attorney,premium,2587.7,2587.7,medium,low,8,spaceship,,,27/09/2026 17:38
f7e3dcea-c444-4b09-bba8-43c9fa4a4646,glooming.attorney,available,62.99,62.99,medium,low,8,namesilo,,,20/08/2026 14:41
bfa64b59-6767-40c6-95f4-b1699b0cda05,soundbar.attorney,available,62.99,62.99,high,low,8,namesilo,,,
d008968a-e614-43f2-b3b9-20f91a2debc3,lamely.attorney,available,62.99,62.99,low,low,6,namesilo,,,15/09/2026 10:37
a45e8e78-b4e8-456f-a8a3-32a3fa0c492c,addendum.attorney,available,62.99,62.99,medium,low,8,namesilo,,,17/09/2026 06:41
65d4dcf8-c5e6-4598-885c-a6cd734c7d18,legibly.attorney,available,62.99,62.99,medium,low,7,namesilo,,,14/09/2026 11:06
dd4e1184-baf7-47cb-a70f-676206db6e38,owing.attorney,available,62.99,62.99,medium,low,5,namesilo,,,
75c77864-8f0e-43dd-86d6-5d9dab9d9503,larghetto.attorney,available,65.98,76.98,medium,low,9,namecheap,,,22/08/2026 19:57
ac1d2ffc-4731-4a5f-8d68-260587d9ce76,calamitous.attorney,available,62.99,62.99,medium,low,10,namesilo,,,11/08/2026 13:28
08e29aaf-2405-4ab8-8725-f1b440e6be3a,bitumen.attorney,available,62.99,62.99,medium,low,7,namesilo,,,23/09/2026 23:13
31212531-03d7-437e-92cf-73b1c6f165f5,huxley.attorney,available,62.99,62.99,high,low,6,namesilo,,,18/09/2026 04:39
baa84553-5670-4ecb-a7a5-c8e808f9fa41,dreadful.attorney,available,65.98,76.98,high,low,8,namecheap,,,22/09/2026 15:15
3490ac35-f2d1-4f72-bd69-f532b6a69e8f,formic.attorney,available,62.99,62.99,medium,low,6,namesilo,,,18/08/2026 12:11
424876fa-412a-4a59-80e0-32f080b4b7c2,collective.attorney,available,62.99,62.99,high,medium,10,namesilo,,,12/08/2026 17:03
c654736b-7e14-48d4-8cef-e6a89d4f7338,germinal.attorney,available,62.99,62.99,medium,low,8,namesilo,,,18/08/2026 22:49
9d5c4ecb-ed7d-418b-a17b-8a94d23394c9,squawker.attorney,available,62.99,62.99,medium,low,8,namesilo,,,23/09/2026 06:50
21c291fb-3797-4144-af1a-ab572483f166,stress.attorney,available,62.99,62.99,high,low,6,namesilo,,,
193266e3-1817-41e1-8b3b-cdd4a61992f5,cardiff.attorney,premium,128.7,128.7,high,low,7,namecheap,,,28/09/2026 01:26
f7c44d32-532f-4018-a040-100a0c165dd9,cordate.attorney,available,62.99,62.99,high,low,7,namesilo,,,13/08/2026 00:50
96225b9d-e58e-4f48-ab19-f1a714c27874,briskly.attorney,available,62.99,62.99,medium,low,7,namesilo,,,14/09/2026 01:33
3668636c-1efc-421d-bb10-63b6a2c60e58,laxative.attorney,available,65.98,76.98,high,low,8,namecheap,,,22/08/2026 21:25
c9981be5-dfb3-4416-8643-40a1bc504418,source.attorney,available,62.99,62.99,high,medium,6,namesilo,,,25/09/2026 22:58
8854f938-8859-4ccc-ac45-217222772b44,amenities.attorney,available,65.98,76.98,high,low,9,namecheap,,,18/09/2026 18:52
ba81ae90-3632-436e-85ea-bff1f107aeb6,neuromotor.attorney,available,62.99,62.99,medium,low,10,namesilo,,,03/09/2026 16:18
2e6a37ea-7762-4d73-ac4f-74d0b3db3df7,had.attorney,available,62.99,62.99,high,low,3,namesilo,,,
d896531e-b9a2-4456-88f3-df796abd60a7,presidential.attorney,available,62.99,62.99,high,low,12,namesilo,,,27/09/2026 17:17
bd97d0cd-90aa-4ea3-9a86-d86a244b253f,grouchy.attorney,available,62.99,62.99,medium,low,7,namesilo,,,08/08/2026 07:52
bf927e3e-61b3-4f4b-a42e-d5e3047de4cd,eleventh.attorney,available,,,high,low,8,,,,
bcdc7d95-d23e-44fc-ae2a-0f069aa9cdae,creator.attorney,available,62.99,62.99,high,medium,7,namesilo,,,22/09/2026 01:50
58984b51-2aad-450f-8ac4-8ee5bb1fb677,anticancer.attorney,available,62.99,62.99,high,low,10,namesilo,,,22/09/2026 06:38
8d62b930-3072-4114-8b17-d3775129e8e1,passbook.attorney,available,62.99,62.99,medium,low,8,namesilo,,,22/09/2026 02:44
2be45d22-53ab-4c50-8c85-4b5f37bd2925,turkish.attorney,premium,3750,3750,medium,low,7,name.com,,,11/09/2026 21:18
87af91e0-5f9d-4b73-9630-9a7811dc14ce,revisions.attorney,available,62.99,62.99,medium,low,9,namesilo,,,20/09/2026 05:28
23c5827a-e165-4b32-a454-73dc6c903597,mancunian.attorney,available,62.99,62.99,medium,low,9,namesilo,,,24/08/2026 14:36
40e989ca-4c8c-4ba0-96e2-bd4927071354,nanus.attorney,available,62.99,62.99,medium,low,5,namesilo,,,24/08/2026 22:32
d3e46ac7-bbd5-42ae-8434-85558cbcfdec,afrikaner.attorney,available,62.99,62.99,medium,low,9,namesilo,,,
4c9884e3-708b-4bf0-809e-ce0a3eab13d7,ballad.attorney,available,65.98,76.98,high,low,6,namecheap,,,22/08/2026 21:27
a375f174-24f3-4f3a-921d-65e1a42c3a98,desired.attorney,available,62.99,62.99,high,low,7,namesilo,,,24/09/2026 00:57
a84d8fbb-af68-4e67-87db-68fcc1f35896,differences.attorney,available,62.99,62.99,medium,low,11,namesilo,,,17/09/2026 14:00
d8ee3985-7005-417b-b9a0-a15c5103953f,adige.attorney,available,62.99,62.99,medium,low,5,namesilo,,,17/09/2026 08:16
7265b801-dda0-4a16-b39c-1d8e3bbd96ef,authorities.attorney,available,62.99,62.99,high,low,11,namesilo,,,27/09/2026 02:17
30e16202-8a22-441b-82f4-22e0da1ba547,sublunar.attorney,available,62.99,62.99,medium,low,8,namesilo,,,12/08/2026 08:27
40927e87-d521-45d5-ad10-3417d09f8b4e,items.attorney,available,65.98,76.98,medium,low,5,namecheap,,,23/09/2026 02:55
86e911fd-94db-4187-9034-3b6c46f0b98e,alter.attorney,available,62.99,62.99,high,low,5,namesilo,,,03/09/2026 16:32
810f5be6-e741-4844-b8ef-8327bc5ec483,greenberg.attorney,available,69.99,81.99,high,low,9,name.com,,,27/09/2026 04:16
a66d57af-ae23-4e32-a8dd-a494d80246c4,rumour.attorney,available,62.99,62.99,high,low,6,namesilo,,,21/08/2026 02:08
eb9f49e4-b4ee-4ce6-91a0-b502cf895b62,absolutely.attorney,available,62.99,62.99,high,low,10,namesilo,,,
3ff97715-2e6c-44d5-bec9-db092b323e9d,aleutian.attorney,available,62.99,62.99,medium,low,8,namesilo,,,
2421c69c-555c-4291-bd71-636cf4cf0cd7,wannabee.attorney,available,62.99,62.99,medium,low,8,namesilo,,,07/08/2026 05:22
c764d649-1d06-4eda-af9d-4a8fcd16b6af,lethal.attorney,available,62.99,62.99,high,low,6,namesilo,,,23/08/2026 00:26
8b4f2c87-aa5b-49a5-b57f-27b57e2c34aa,danseuse.attorney,available,62.99,62.99,medium,low,8,namesilo,,,21/09/2026 22:50
531eb43b-9768-4385-bba1-bdf4dadba690,aberdare.attorney,available,65.98,76.98,medium,low,8,namecheap,,,16/09/2026 15:08
6e733bf3-8a29-4382-9242-d655081556d3,lexington.attorney,premium,1107,1107,high,medium,9,namesilo,,,25/09/2026 08:56
fabd5937-c3f2-4fe1-a8dc-a290af3274e9,chemic.attorney,available,62.99,62.99,medium,low,6,namesilo,,,12/08/2026 04:12
aa52f7ec-3990-4be3-b699-5d3501ed9e51,paton.attorney,available,62.99,62.99,medium,low,5,namesilo,,,18/09/2026 01:46
7b0e994b-e324-4900-abf3-13265f1d1e0d,lenify.attorney,available,62.99,62.99,medium,low,6,namesilo,,,18/08/2026 22:02
e61864cd-8a2a-4f8b-a681-2f24135c3c5d,louisa.attorney,available,62.99,62.99,medium,low,6,namesilo,,,25/09/2026 14:44
b4cd159b-7afc-43e5-bd7a-c059e99c2071,limestone.attorney,available,62.99,62.99,high,low,9,namesilo,,,
50b86366-b55b-4501-9c0c-71ef7964e9c2,suggestions.attorney,available,62.99,62.99,high,low,11,namesilo,,,17/09/2026 12:49
b7c9bdf3-6d4a-4221-bb23-4fcb38d3447b,enjoyably.attorney,available,65.98,76.98,medium,low,9,namecheap,,,13/09/2026 18:24
71737ba7-0875-4dab-b211-d3fed4151dc9,glory.attorney,available,69.99,,high,low,5,name.com,,,
2f0d84af-800c-4732-9a9f-703d24f43ecb,inspect.attorney,available,62.99,62.99,high,low,7,namesilo,,,21/09/2026 03:08
f05d0829-6428-44f5-82e9-1a288face74a,were.attorney,available,62.99,62.99,high,low,4,namesilo,,,
75960310-c09e-408d-a2e0-8df7a3f23148,plug.attorney,available,62.99,62.99,high,low,4,namesilo,,,
cd87f4f6-c691-4b5e-a936-930f9d4f475c,mushy.attorney,available,62.99,62.99,medium,low,5,namesilo,,,09/08/2026 00:58
a10d19ba-ca1f-4163-a292-c6fe6c119bca,fairly.attorney,available,62.99,62.99,high,low,6,namesilo,,,24/09/2026 16:08
9c22b320-fa09-4e0b-88ec-488915231fbf,beckett.attorney,available,69.99,81.99,high,low,7,name.com,,,22/09/2026 22:39
1260c34e-2e0a-4202-b3b8-42d0c6f7e65c,pick.attorney,premium,3450,3450,high,low,4,namesilo,,,23/09/2026 14:24
008aebdc-34a3-4837-b22a-d97687518379,demotic.attorney,available,62.99,62.99,medium,low,7,namesilo,,,14/08/2026 01:35
b4c82555-b2e6-42bc-b1ad-85e56b3dc139,premium.attorney,premium,3250,3250,high,medium,7,namecheap,,,27/09/2026 05:00
f3448961-c95a-4a57-9239-3869e2816352,divisible.attorney,available,62.99,62.99,high,low,9,namesilo,,,14/08/2026 13:57
45e08988-9f0b-4164-a17f-ebbcbca80995,thoracic.attorney,available,62.99,62.99,medium,low,8,namesilo,,,08/09/2026 12:02
034b50fc-301c-49c6-8849-05dd0a0de07c,erst.attorney,available,62.99,62.99,medium,low,4,namesilo,,,17/08/2026 13:07
761957a3-8300-4567-bc35-6543bd616596,unfocused.attorney,available,62.99,62.99,medium,low,9,namesilo,,,12/09/2026 10:32
51dd0932-0a9a-4697-b1ff-c8c245b8327c,con.attorney,premium,118.8,118.8,high,low,3,namesilo,,,
483efaff-3f49-4a04-981e-5ce5c2e7a1e3,joke.attorney,premium,242,242,high,low,4,namesilo,,,22/09/2026 06:20
65acb6b9-e025-4abe-be13-6d8d9294cfc5,attachable.attorney,available,62.99,62.99,medium,low,10,namesilo,,,07/08/2026 15:36
7825139a-8296-41ba-8a36-26cdef2530ce,arendt.attorney,available,65.98,76.98,medium,low,6,namecheap,,,20/09/2026 03:43
03bc63df-900a-4931-ab54-745cb94f461d,agate.attorney,available,62.99,62.99,high,low,5,namesilo,,,17/09/2026 16:25
f36e41dd-1a19-4e88-9838-25a676a3c8b3,beachwear.attorney,available,65.98,76.98,high,low,9,namecheap,,,22/09/2026 19:10
4153da28-6de4-4c4c-a533-9a870c0eb0f8,indistinct.attorney,available,62.99,62.99,medium,low,10,namesilo,,,22/08/2026 03:14
77e65eb8-29ff-439c-a0e8-62e792bf1197,stinky.attorney,available,62.99,62.99,high,low,6,namesilo,,,13/08/2026 05:18
cd294d48-7673-440b-9629-7a0ddb217c0b,awarding.attorney,available,62.99,62.99,high,low,8,namesilo,,,
b0d79f50-f611-4650-a2e5-63e91a4abb5d,insinuate.attorney,available,62.99,62.99,medium,low,9,namesilo,,,22/08/2026 08:35
faa75e40-a870-4507-a5d4-a776d3ce232a,blooded.attorney,available,62.99,62.99,high,low,7,namesilo,,,10/08/2026 15:18
c3829cf8-d7d1-4bfa-98f4-3ce45768890e,rhodesian.attorney,available,62.99,62.99,high,low,9,namesilo,,,09/09/2026 16:41
14a5bcc0-de06-437c-8b76-718291a5b254,adventurer.attorney,available,62.99,62.99,high,low,10,namesilo,,,17/09/2026 10:41
2654a252-12ee-47c3-ad01-7680ca9a92e7,floodlit.attorney,available,62.99,62.99,medium,low,8,namesilo,,,18/08/2026 08:47
ec37b5c2-b919-490b-b307-d590ede5a625,ballet.attorney,available,65.98,76.98,high,low,6,namecheap,,,21/09/2026 22:51
1e764c5f-f60f-4b34-9b8b-4b609f1997c6,agrimonia.attorney,available,65.98,76.98,medium,low,9,namecheap,,,17/09/2026 19:28
1f38adbe-2b64-482d-9f1e-ef8ceadd0aee,regally.attorney,available,62.99,62.99,medium,low,7,namesilo,,,15/09/2026 22:55
54e8f48a-9873-44bb-b356-fd7d0c182715,lividly.attorney,available,62.99,62.99,low,low,7,namesilo,,,15/09/2026 12:36
be072e30-d6a9-4aca-87ce-06c21a080a20,cinematic.attorney,available,62.99,62.99,high,low,9,namesilo,,,12/08/2026 08:13
b6949c40-ebc7-41f5-8b6e-12cc30267604,sober.attorney,available,65.98,76.98,high,low,5,namecheap,,,20/08/2026 18:42
81645417-b218-4992-ac94-7cfc8f357cb7,myotonic.attorney,available,62.99,62.99,medium,low,8,namesilo,,,03/09/2026 12:15
205f825a-b85c-4b00-adb7-084f5fe8c9d9,grapey.attorney,available,62.99,62.99,medium,low,6,namesilo,,,20/08/2026 18:06
547efd5f-c736-42ce-959d-c1051889d2a2,ankle.attorney,available,62.99,62.99,high,low,5,namesilo,,,19/09/2026 09:40
c661dd90-a99d-4b16-b928-068e23bbbae4,uncolored.attorney,available,62.99,62.99,medium,low,9,namesilo,,,12/09/2026 02:06